id_solicitud,fecha,deposito_origen,zona_destino,transporte,peso_kg,volumen_m3,distancia_km,cantidad_paradas,hora_inicio_ventana,hora_fin_ventana,hora_prevista,cumple_ventana,entregada,costo_viaje,impacto_ambiental,incidencias
1,2025-07-24,D5,Oeste,Moto,91.48,0.2,13.36,2,9,10,9.6,True,True,2068.8,1.34,1
2,2025-12-03,D4,Sur,Camión,604.3,18.65,56.39,5,8,12,8.3,True,True,13778.0,45.11,0
3,2025-12-17,D5,Norte,Furgoneta,244.62,4.01,46.55,2,12,15,15.0,True,True,6586.0,16.29,0
4,2026-03-16,D5,Centro,Furgoneta,305.36,1.88,28.2,1,14,18,19.3,False,True,3884.0,9.87,0
5,2026-02-16,D2,Sur,Furgoneta,217.87,4.39,30.82,3,11,13,12.6,True,True,5198.4,10.79,0
6,2026-04-20,D3,Sur,Furgoneta,109.97,7.36,57.85,2,15,17,16.4,True,True,7942.0,20.25,0
7,2025-08-01,D4,Sur,Moto,20.91,0.25,19.21,3,15,19,16.3,True,False,3036.8,1.92,0
8,2025-09-26,D1,Este,Moto,43.68,0.31,55.16,1,14,16,15.6,True,True,4912.8,5.52,0
9,2026-01-28,D1,Este,Moto,51.02,0.31,50.24,1,9,13,11.4,True,True,4519.2,5.02,0
10,2025-07-18,D2,Sur,Moto,82.46,0.24,59.09,4,13,15,15.0,True,True,6727.2,5.91,0
11,2025-10-14,D4,Centro,Furgoneta,478.67,3.92,20.87,5,9,12,11.2,True,True,5004.4,7.3,0
12,2025-12-26,D3,Este,Furgoneta,448.38,2.12,30.87,5,9,13,9.8,True,True,6204.4,10.8,0
13,2025-11-30,D1,Centro,Camión,4300.32,17.76,4.81,1,10,14,13.4,True,True,1462.0,3.85,0
14,2025-07-19,D4,Sur,Camión,4902.08,20.22,11.51,5,8,9,8.8,True,True,4802.0,9.21,1
15,2026-02-22,D3,Sur,Camión,1252.81,18.15,32.99,2,13,14,13.3,True,True,7598.0,26.39,1
16,2025-12-02,D3,Centro,Moto,39.25,0.39,31.37,3,13,15,14.7,True,True,4009.6,3.14,0
17,2025-12-25,D3,Oeste,Furgoneta,237.91,9.97,38.75,3,12,15,12.8,True,True,6150.0,13.56,2
18,2026-04-11,D4,Norte,Moto,39.99,0.46,12.3,5,15,19,18.8,True,True,3484.0,1.23,0
19,2026-03-08,D2,Sur,Furgoneta,379.56,5.83,3.86,1,14,16,14.1,True,True,963.2,1.35,1
20,2026-06-12,D3,Sur,Moto,27.11,0.23,27.39,2,15,18,16.4,True,True,3191.2,2.74,0
21,2025-08-27,D5,Centro,Moto,7.4,0.29,19.76,1,8,10,9.2,True,True,2080.8,1.98,0
22,2025-06-24,D4,Oeste,Moto,90.2,0.12,34.76,1,13,15,14.6,True,True,3280.8,3.48,1
23,2026-04-28,D2,Sur,Furgoneta,454.59,8.02,50.63,1,12,14,14.9,False,True,6575.6,17.72,0
24,2025-07-18,D1,Sur,Furgoneta,327.61,6.12,35.48,2,9,13,9.8,True,True,5257.6,12.42,0
25,2026-01-12,D1,Este,Furgoneta,167.48,5.94,13.03,2,10,14,12.1,True,True,2563.6,4.56,1
26,2025-11-06,D2,Centro,Furgoneta,203.36,3.33,58.86,4,9,12,9.9,True,True,9063.2,20.6,0
27,2025-11-22,D5,Sur,Furgoneta,20.19,3.73,7.37,1,8,12,11.9,True,True,1384.4,2.58,0
28,2026-04-12,D3,Sur,Furgoneta,282.39,1.99,37.92,4,8,11,9.4,True,True,6550.4,13.27,1
29,2026-03-18,D1,Sur,Furgoneta,318.12,4.51,32.45,3,8,11,9.3,True,True,5394.0,11.36,0
30,2025-11-12,D4,Sur,Moto,4.93,0.12,8.55,1,15,17,16.1,True,True,1184.0,0.86,0
31,2026-02-15,D4,Centro,Moto,39.38,0.42,33.0,2,14,17,17.3,False,True,3640.0,3.3,0
32,2025-11-17,D5,Oeste,Moto,55.7,0.35,17.15,2,11,12,11.2,True,True,2372.0,1.71,0
33,2025-11-01,D3,Oeste,Furgoneta,409.83,3.67,31.9,5,8,11,9.6,True,True,6328.0,11.16,1
34,2025-08-24,D1,Norte,Furgoneta,487.06,4.91,38.6,4,15,16,15.6,True,True,6632.0,13.51,1
35,2026-02-20,D5,Este,Camión,4222.96,19.62,33.81,4,10,14,11.7,True,True,8762.0,27.05,0
36,2025-11-26,D2,Este,Camión,3923.89,18.11,36.65,1,10,12,11.4,True,True,7830.0,29.32,0
37,2025-07-30,D2,Norte,Furgoneta,152.95,8.92,42.4,2,11,14,12.1,True,False,6088.0,14.84,2
38,2026-05-14,D2,Norte,Furgoneta,330.55,9.33,4.1,4,11,15,12.1,True,True,2492.0,1.43,0
39,2025-08-15,D2,Centro,Furgoneta,377.53,6.07,17.33,3,14,16,14.2,True,True,3579.6,6.07,0
40,2025-12-30,D4,Centro,Moto,68.47,0.49,17.57,3,15,18,15.4,True,True,2905.6,1.76,0
41,2026-02-10,D2,Centro,Moto,89.09,0.24,28.97,1,14,16,15.4,True,True,2817.6,2.9,0
42,2025-06-19,D5,Oeste,Moto,56.95,0.3,9.36,1,15,17,16.7,True,True,1248.8,0.94,0
43,2025-11-24,D2,Oeste,Moto,7.32,0.12,15.48,4,13,17,16.2,True,True,3238.4,1.55,0
44,2026-01-02,D4,Norte,Moto,35.58,0.24,52.98,5,9,11,10.2,True,True,6738.4,5.3,0
45,2026-05-26,D5,Centro,Furgoneta,136.99,8.55,10.18,2,10,12,10.8,True,False,2221.6,3.56,0
46,2026-03-06,D4,Norte,Moto,71.5,0.39,13.63,4,13,17,17.0,True,True,3090.4,1.36,0
47,2025-11-18,D3,Este,Moto,86.59,0.14,23.51,3,14,15,14.2,True,True,3380.8,2.35,1
48,2026-04-02,D5,Oeste,Furgoneta,46.67,9.92,45.94,2,9,11,9.5,True,True,6512.8,16.08,0
49,2025-12-31,D1,Este,Furgoneta,357.68,1.39,39.55,4,14,16,15.6,True,True,6746.0,13.84,0
50,2025-08-21,D4,Centro,Moto,55.38,0.18,10.3,5,10,11,10.1,True,True,3324.0,1.03,1
51,2025-10-16,D2,Sur,Moto,33.35,0.49,1.06,5,8,12,11.6,True,True,2584.8,0.11,0
52,2026-05-24,D1,Oeste,Furgoneta,304.92,5.22,1.25,5,11,13,11.8,True,True,2650.0,0.44,0
53,2025-07-13,D4,Norte,Camión,3630.8,25.39,6.84,4,12,14,15.5,False,True,3368.0,5.47,1
54,2025-08-19,D3,Este,Furgoneta,405.15,5.89,44.63,3,9,10,9.4,True,True,6855.6,15.62,1
55,2025-10-28,D4,Sur,Furgoneta,283.75,4.22,30.07,1,13,16,14.8,True,True,4108.4,10.52,0
56,2025-12-31,D1,Sur,Moto,51.8,0.49,46.92,3,14,16,14.5,True,True,5253.6,4.69,0
57,2025-06-20,D5,Oeste,Moto,99.13,0.3,21.94,3,8,9,8.7,True,False,3255.2,2.19,0
58,2025-08-28,D5,Este,Furgoneta,268.58,7.71,4.11,2,14,18,18.0,True,True,1493.2,1.44,1
59,2026-05-24,D4,Centro,Furgoneta,283.32,8.76,28.89,1,8,9,9.8,False,True,3966.8,10.11,0
60,2026-04-30,D1,Este,Camión,4729.39,10.56,12.94,3,10,12,11.1,True,False,4088.0,10.35,1
61,2026-02-26,D3,Centro,Camión,2342.11,21.62,21.66,4,12,16,12.7,True,False,6332.0,17.33,0
62,2025-12-06,D3,Centro,Moto,43.21,0.17,31.13,5,8,10,9.5,True,True,4990.4,3.11,0
63,2025-07-23,D3,Sur,Moto,90.52,0.02,47.78,2,15,16,16.4,False,True,4822.4,4.78,0
64,2025-07-12,D4,Oeste,Moto,3.1,0.33,50.53,2,12,15,15.7,False,True,5042.4,5.05,0
65,2026-06-02,D5,Centro,Moto,82.29,0.45,38.27,4,12,13,12.8,True,True,5061.6,3.83,0
66,2026-03-09,D1,Norte,Moto,70.23,0.45,30.77,4,13,15,13.0,True,True,4461.6,3.08,0
67,2025-07-12,D5,Oeste,Camión,4400.46,9.95,31.15,1,14,16,14.0,True,True,6730.0,24.92,0
68,2025-07-17,D1,Este,Furgoneta,253.46,5.96,32.11,4,11,14,12.4,True,True,5853.2,11.24,0
69,2025-10-08,D3,Norte,Furgoneta,479.91,1.74,50.84,5,11,14,11.7,True,True,8600.8,17.79,0
70,2026-03-04,D5,Norte,Moto,14.85,0.22,50.31,4,9,13,9.5,True,False,6024.8,5.03,1
71,2025-08-30,D2,Norte,Moto,15.65,0.16,37.12,4,11,14,12.2,True,True,4969.6,3.71,0
72,2025-09-20,D4,Centro,Camión,2363.21,6.83,4.1,4,13,17,14.7,True,True,2820.0,3.28,0
73,2025-11-06,D2,Sur,Furgoneta,294.62,9.46,43.92,2,12,13,12.7,True,False,6270.4,15.37,0
74,2026-03-24,D5,Este,Moto,28.54,0.42,3.43,3,15,16,15.3,True,True,1774.4,0.34,1
75,2025-07-25,D5,Sur,Moto,33.21,0.39,41.76,5,9,12,10.6,True,True,5840.8,4.18,2
76,2026-05-02,D3,Centro,Moto,7.09,0.19,28.95,5,9,12,10.5,True,True,4816.0,2.9,0
77,2025-08-25,D4,Oeste,Moto,3.01,0.13,14.61,4,15,16,15.9,True,True,3168.8,1.46,0
78,2026-02-05,D4,Sur,Moto,60.56,0.38,7.34,5,11,12,13.6,False,True,3087.2,0.73,0
79,2025-11-19,D1,Sur,Moto,99.94,0.23,3.27,2,13,16,14.7,True,True,1261.6,0.33,0
80,2025-10-18,D2,Sur,Furgoneta,102.01,5.51,19.82,5,10,13,15.0,False,True,4878.4,6.94,0
81,2025-08-29,D1,Sur,Furgoneta,56.0,2.76,52.75,4,12,16,16.5,False,True,8330.0,18.46,0
82,2026-06-01,D3,Centro,Camión,2617.12,18.39,45.46,3,11,12,11.0,True,True,10592.0,36.37,0
83,2026-01-11,D4,Oeste,Moto,25.64,0.12,44.78,2,10,13,11.6,True,True,4582.4,4.48,0
84,2026-01-16,D1,Norte,Moto,95.82,0.22,12.87,4,8,9,8.1,True,True,3029.6,1.29,0
85,2026-01-31,D2,Este,Moto,17.29,0.07,1.08,5,15,19,16.4,True,True,2586.4,0.11,0
86,2025-09-06,D1,Norte,Camión,4808.42,9.6,32.24,4,14,16,15.9,True,True,8448.0,25.79,0
87,2026-02-26,D3,Oeste,Camión,4694.35,19.88,45.18,2,13,15,13.4,True,True,10036.0,36.14,0
88,2026-05-29,D5,Centro,Moto,46.89,0.22,53.19,4,13,15,14.2,True,True,6255.2,5.32,0
89,2025-11-02,D2,Este,Furgoneta,321.62,0.51,27.31,1,13,15,13.9,True,True,3777.2,9.56,0
90,2025-12-16,D4,Oeste,Moto,97.74,0.25,32.0,3,8,10,8.8,True,True,4060.0,3.2,1
91,2025-06-28,D5,Norte,Furgoneta,215.91,3.55,12.05,3,11,12,11.8,True,True,2946.0,4.22,1
92,2026-02-12,D5,Este,Furgoneta,152.48,3.43,9.28,2,14,17,16.9,True,True,2113.6,3.25,0
93,2025-11-14,D5,Este,Furgoneta,260.0,9.78,57.34,4,10,12,11.3,True,True,8880.8,20.07,0
94,2025-07-04,D1,Norte,Camión,2792.72,23.25,37.62,3,13,14,13.2,True,True,9024.0,30.1,0
95,2026-03-26,D1,Este,Furgoneta,272.82,6.4,55.5,4,15,16,15.3,True,True,8660.0,19.42,0
96,2025-09-13,D5,Oeste,Moto,62.38,0.06,14.47,3,14,18,17.1,True,False,2657.6,1.45,1
97,2025-11-24,D2,Centro,Moto,78.16,0.17,15.82,4,13,15,14.9,True,True,3265.6,1.58,0
98,2026-02-22,D4,Oeste,Moto,37.6,0.4,3.93,4,15,16,15.7,True,True,2314.4,0.39,0
99,2025-09-19,D3,Sur,Furgoneta,189.49,3.22,6.86,2,9,11,10.1,True,True,1823.2,2.4,0
100,2026-03-11,D4,Este,Furgoneta,82.78,9.86,38.62,4,12,15,13.9,True,True,6634.4,13.52,0
101,2026-06-05,D3,Sur,Camión,3409.69,23.01,22.64,5,9,13,12.2,True,True,7028.0,18.11,0
102,2025-11-30,D4,Centro,Moto,86.53,0.25,34.57,2,13,15,14.7,True,True,3765.6,3.46,0
103,2025-06-29,D1,Este,Furgoneta,106.13,8.4,15.21,3,9,12,11.9,True,False,3325.2,5.32,0
104,2026-04-13,D5,Norte,Furgoneta,211.59,8.32,20.87,5,10,12,11.9,True,True,5004.4,7.3,0
105,2025-07-19,D3,Norte,Furgoneta,330.71,2.34,19.51,5,12,14,12.4,True,True,4841.2,6.83,0
106,2025-07-04,D3,Oeste,Moto,72.81,0.16,27.69,4,13,17,16.6,True,True,4215.2,2.77,0
107,2026-04-01,D2,Sur,Furgoneta,55.28,9.96,10.61,5,8,9,9.3,False,True,3773.2,3.71,0
108,2026-03-18,D3,Norte,Furgoneta,59.15,1.25,30.6,4,9,10,9.1,True,True,5672.0,10.71,0
109,2025-08-18,D3,Este,Moto,48.53,0.48,12.9,1,12,16,15.5,True,True,1532.0,1.29,0
110,2025-07-18,D4,Oeste,Furgoneta,190.04,9.7,28.6,5,8,10,8.7,True,True,5932.0,10.01,0
111,2025-09-25,D2,Oeste,Moto,45.0,0.34,18.39,5,15,18,15.4,True,True,3971.2,1.84,0
112,2026-04-17,D1,Centro,Furgoneta,108.73,9.61,27.71,2,11,14,15.2,False,True,4325.2,9.7,0
113,2026-05-12,D2,Oeste,Moto,61.3,0.38,37.0,5,12,13,12.8,True,True,5460.0,3.7,0
114,2026-04-28,D3,Oeste,Moto,23.5,0.1,46.59,3,12,15,14.8,True,False,5227.2,4.66,0
115,2025-08-17,D4,Este,Furgoneta,220.97,4.57,32.33,5,10,12,10.1,True,True,6379.6,11.32,0
116,2026-04-22,D2,Oeste,Camión,1666.57,25.1,59.75,4,15,16,15.4,True,True,13950.0,47.8,0
117,2025-11-12,D5,Sur,Furgoneta,469.32,7.66,26.62,2,14,18,16.3,True,True,4194.4,9.32,0
118,2025-07-07,D2,Norte,Furgoneta,123.87,0.62,18.23,1,12,15,14.8,True,True,2687.6,6.38,1
119,2026-01-17,D1,Centro,Furgoneta,78.92,8.48,12.37,2,8,12,8.4,True,False,2484.4,4.33,1
120,2026-02-26,D3,Este,Furgoneta,31.17,5.62,38.95,2,12,13,12.5,True,True,5674.0,13.63,0
121,2026-05-14,D3,Este,Furgoneta,72.33,5.65,22.44,1,14,16,14.9,True,False,3192.8,7.85,0
122,2025-07-27,D3,Oeste,Camión,4411.41,26.17,15.08,3,10,13,14.8,False,True,4516.0,12.06,0
123,2026-01-11,D4,Este,Camión,2910.64,5.83,45.19,3,14,17,14.9,True,True,10538.0,36.15,0
124,2025-07-18,D1,Oeste,Moto,28.56,0.37,11.42,1,11,13,12.9,True,False,1413.6,1.14,0
125,2025-09-27,D2,Oeste,Moto,76.07,0.1,49.41,1,12,15,14.8,True,False,4452.8,4.94,0
126,2025-11-19,D4,Norte,Moto,48.1,0.05,52.2,5,12,13,12.0,True,True,6676.0,5.22,0
127,2026-06-02,D5,Sur,Camión,4416.48,25.19,21.35,4,10,13,10.4,True,False,6270.0,17.08,0
128,2026-02-06,D4,Este,Moto,55.82,0.15,22.51,4,14,16,14.5,True,True,3800.8,2.25,0
129,2025-07-26,D2,Este,Camión,2170.94,11.89,54.57,1,15,17,16.9,True,True,11414.0,43.66,1
130,2026-04-04,D5,Norte,Furgoneta,283.4,3.5,12.14,4,12,14,12.2,True,True,3456.8,4.25,0
131,2026-04-26,D4,Este,Furgoneta,149.48,2.54,24.68,5,14,18,17.4,True,True,5461.6,8.64,0
132,2025-08-18,D4,Este,Furgoneta,316.55,1.66,56.59,3,8,12,13.8,False,True,8290.8,19.81,0
133,2025-06-25,D1,Centro,Furgoneta,48.0,1.27,31.76,5,15,19,16.2,True,True,6311.2,11.12,1
134,2025-10-25,D4,Centro,Furgoneta,427.2,2.82,41.89,4,8,9,8.2,True,True,7026.8,14.66,0
135,2025-09-20,D2,Este,Furgoneta,382.74,8.49,12.9,1,12,13,13.5,False,True,2048.0,4.51,0
136,2025-09-19,D2,Oeste,Furgoneta,478.68,2.93,55.37,5,10,14,11.8,True,True,9144.4,19.38,1
137,2025-12-22,D4,Centro,Furgoneta,346.91,8.66,12.05,3,14,17,14.6,True,True,2946.0,4.22,0
138,2025-09-21,D4,Este,Moto,84.49,0.28,19.84,2,13,16,13.7,True,True,2587.2,1.98,1
139,2026-04-06,D4,Centro,Moto,24.3,0.37,20.21,1,10,11,10.1,True,True,2116.8,2.02,0
140,2025-09-10,D2,Oeste,Furgoneta,159.89,9.66,3.76,5,9,10,9.7,True,False,2951.2,1.32,0
141,2026-05-03,D1,Centro,Camión,4941.92,29.7,14.79,5,14,15,14.6,True,True,5458.0,11.83,0
142,2026-03-03,D3,Centro,Furgoneta,221.41,2.9,5.77,3,9,11,10.0,True,True,2192.4,2.02,0
143,2025-09-14,D2,Sur,Camión,645.52,24.04,39.85,1,13,16,17.2,False,True,8470.0,31.88,0
144,2026-01-27,D3,Centro,Moto,18.8,0.04,16.52,1,12,15,13.3,True,True,1821.6,1.65,0
145,2026-04-16,D5,Oeste,Moto,39.94,0.14,10.04,1,12,13,12.7,True,False,1303.2,1.0,0
146,2025-09-23,D4,Este,Moto,91.07,0.23,10.18,5,8,10,8.5,True,True,3314.4,1.02,1
147,2026-01-09,D3,Norte,Moto,18.93,0.18,28.55,5,14,15,14.5,True,True,4784.0,2.86,0
148,2026-01-29,D3,Sur,Moto,61.48,0.47,22.93,1,11,15,13.1,True,True,2334.4,2.29,1
149,2026-01-19,D3,Norte,Furgoneta,137.98,5.63,11.1,5,14,17,15.4,True,False,3832.0,3.88,1
150,2025-10-24,D5,Este,Moto,21.16,0.18,24.39,2,14,17,14.7,True,True,2951.2,2.44,0
151,2026-02-17,D5,Este,Camión,1160.26,19.1,15.24,5,15,18,17.5,True,True,5548.0,12.19,0
152,2025-10-14,D3,Oeste,Moto,41.76,0.08,11.23,3,9,11,9.4,True,True,2398.4,1.12,0
153,2026-02-25,D1,Norte,Moto,56.62,0.14,56.77,2,10,12,10.2,True,True,5541.6,5.68,0
154,2025-11-08,D5,Norte,Moto,7.33,0.02,25.0,1,12,13,12.7,True,False,2500.0,2.5,0
155,2026-03-03,D1,Este,Furgoneta,355.07,6.78,56.79,5,10,14,10.9,True,True,9314.8,19.88,0
156,2026-02-17,D4,Oeste,Furgoneta,423.1,9.8,46.75,2,12,16,12.4,True,True,6610.0,16.36,0
157,2025-11-09,D3,Sur,Furgoneta,410.18,5.4,15.96,4,15,16,15.8,True,True,3915.2,5.59,1
158,2026-04-23,D4,Sur,Furgoneta,119.25,9.7,26.59,1,13,16,16.0,True,True,3690.8,9.31,0
159,2025-11-21,D3,Norte,Moto,67.6,0.17,4.55,1,9,13,10.8,True,True,864.0,0.46,0
160,2025-08-01,D4,Sur,Moto,8.51,0.04,28.27,3,14,17,15.1,True,True,3761.6,2.83,0
161,2026-03-24,D3,Centro,Moto,9.42,0.31,38.7,5,11,15,12.7,True,False,5596.0,3.87,0
162,2026-03-17,D3,Oeste,Moto,72.04,0.09,19.98,3,9,13,9.2,True,True,3098.4,2.0,0
163,2026-05-06,D1,Este,Camión,449.88,21.46,22.35,5,9,12,10.3,True,True,6970.0,17.88,0
164,2026-05-12,D4,Norte,Furgoneta,102.55,3.04,6.14,5,14,16,15.5,True,True,3236.8,2.15,0
165,2026-02-23,D4,Oeste,Furgoneta,427.02,9.53,6.87,4,8,12,10.0,True,True,2824.4,2.4,0
166,2025-12-15,D4,Centro,Moto,66.75,0.35,5.93,2,13,15,13.8,True,True,1474.4,0.59,0
167,2025-06-21,D3,Oeste,Camión,836.3,26.85,55.38,3,15,18,15.4,True,True,12576.0,44.3,0
168,2025-07-31,D5,Este,Camión,1709.57,17.5,44.82,3,9,11,10.2,True,True,10464.0,35.86,1
169,2025-12-13,D2,Este,Moto,79.42,0.24,25.37,2,11,15,12.2,True,True,3029.6,2.54,0
170,2026-04-01,D3,Centro,Furgoneta,252.31,1.63,31.47,5,8,10,9.5,True,True,6276.4,11.01,0
171,2026-06-16,D3,Sur,Camión,1668.0,15.54,9.27,1,13,17,15.5,True,True,2354.0,7.42,1
172,2025-09-15,D5,Centro,Moto,71.29,0.48,7.83,5,8,12,8.2,True,True,3126.4,0.78,0
173,2025-08-01,D4,Norte,Moto,67.87,0.35,56.81,1,11,12,11.9,True,True,5044.8,5.68,0
174,2025-10-10,D4,Este,Camión,2017.04,8.57,5.17,1,9,12,10.2,True,True,1534.0,4.14,0
175,2025-09-28,D5,Sur,Moto,75.15,0.04,46.83,3,11,14,13.9,True,True,5246.4,4.68,0
176,2025-07-12,D2,Norte,Furgoneta,362.68,3.93,16.25,2,11,13,11.2,True,True,2950.0,5.69,0
177,2026-01-08,D1,Norte,Furgoneta,33.23,9.16,43.95,2,11,14,13.9,True,True,6274.0,15.38,0
178,2026-05-02,D5,Oeste,Furgoneta,284.84,9.24,58.54,1,12,16,13.6,True,True,7524.8,20.49,0
179,2025-09-27,D1,Centro,Furgoneta,267.32,3.29,3.63,4,12,15,13.7,True,False,2435.6,1.27,0
180,2025-11-27,D4,Sur,Camión,4983.88,23.75,21.11,1,13,15,14.1,True,False,4722.0,16.89,0
181,2026-04-08,D2,Norte,Moto,58.38,0.27,32.91,2,10,11,10.9,True,True,3632.8,3.29,0
182,2025-12-23,D1,Este,Moto,16.03,0.45,37.88,2,10,11,10.1,True,True,4030.4,3.79,0
183,2026-06-06,D1,Norte,Moto,45.06,0.45,18.48,3,11,14,11.9,True,True,2978.4,1.85,0
184,2025-10-22,D2,Norte,Moto,84.38,0.36,35.73,5,12,15,14.9,True,True,5358.4,3.57,0
185,2026-01-08,D4,Centro,Furgoneta,138.76,6.6,9.13,1,10,13,12.7,True,True,1595.6,3.2,0
186,2025-06-28,D5,Norte,Moto,88.62,0.28,11.51,5,13,15,14.1,True,True,3420.8,1.15,0
187,2026-03-15,D2,Centro,Furgoneta,110.2,6.97,58.8,5,13,15,13.2,True,True,9556.0,20.58,0
188,2025-09-07,D5,Este,Furgoneta,107.22,9.91,37.78,2,9,12,10.8,True,True,5533.6,13.22,2
189,2026-01-21,D2,Sur,Moto,78.97,0.47,59.07,5,11,13,11.5,True,True,7225.6,5.91,0
190,2025-08-22,D2,Centro,Furgoneta,228.58,1.99,22.12,2,11,12,13.0,False,True,3654.4,7.74,0
191,2025-11-16,D2,Centro,Moto,40.36,0.35,35.44,5,14,15,14.1,True,True,5335.2,3.54,0
192,2025-12-26,D4,Este,Moto,74.44,0.23,8.7,1,14,18,15.2,True,True,1196.0,0.87,0
193,2025-08-01,D5,Sur,Furgoneta,494.38,5.97,58.38,2,13,16,13.6,True,True,8005.6,20.43,0
194,2026-03-22,D3,Norte,Furgoneta,215.56,6.71,10.17,5,10,13,11.6,True,True,3720.4,3.56,0
195,2026-02-09,D4,Norte,Camión,809.97,19.67,22.34,3,10,11,10.0,True,True,5968.0,17.87,0
196,2026-01-15,D1,Norte,Camión,332.15,9.84,22.03,5,10,14,11.7,True,True,6906.0,17.62,0
197,2026-01-01,D5,Este,Moto,50.11,0.47,35.49,1,9,12,9.8,True,True,3339.2,3.55,0
198,2026-04-20,D5,Centro,Moto,25.35,0.42,12.04,5,8,11,8.9,True,True,3463.2,1.2,0
199,2026-06-06,D1,Oeste,Moto,42.55,0.2,41.45,4,12,16,12.5,True,False,5316.0,4.15,0
200,2026-03-20,D4,Sur,Moto,15.81,0.04,47.52,2,12,15,12.7,True,True,4801.6,4.75,1
201,2025-09-04,D3,Norte,Moto,11.13,0.16,38.72,5,9,12,11.0,True,True,5597.6,3.87,0
202,2026-01-21,D2,Centro,Moto,71.94,0.03,4.08,2,11,12,11.2,True,True,1326.4,0.41,0
203,2026-05-10,D4,Norte,Moto,48.13,0.11,53.3,3,8,10,9.5,True,True,5764.0,5.33,0
204,2025-11-23,D2,Sur,Furgoneta,214.58,5.8,5.15,5,8,10,9.9,True,True,3118.0,1.8,0
205,2025-10-20,D3,Sur,Furgoneta,70.58,7.12,31.58,4,15,18,16.1,True,True,5789.6,11.05,0
206,2026-03-06,D5,Norte,Moto,83.83,0.15,34.89,3,11,15,12.3,True,True,4291.2,3.49,0
207,2025-10-10,D4,Centro,Furgoneta,292.35,2.71,58.83,3,9,11,10.4,True,True,8559.6,20.59,0
208,2026-01-29,D4,Centro,Furgoneta,483.48,1.08,41.31,1,10,14,10.8,True,True,5457.2,14.46,0
209,2026-04-01,D1,Norte,Moto,59.75,0.29,48.77,1,15,19,15.3,True,True,4401.6,4.88,0
210,2026-04-15,D1,Oeste,Furgoneta,140.1,5.35,40.33,3,11,15,14.6,True,True,6339.6,14.12,0
211,2025-09-13,D3,Este,Moto,83.51,0.11,43.7,4,8,10,9.3,True,True,5496.0,4.37,0
212,2026-01-04,D3,Oeste,Furgoneta,23.07,2.12,6.28,2,9,10,9.6,True,True,1753.6,2.2,0
213,2025-08-10,D3,Sur,Moto,43.86,0.49,11.28,4,13,15,15.0,True,True,2902.4,1.13,0
214,2025-10-23,D4,Sur,Furgoneta,378.64,1.34,15.06,2,9,10,9.6,True,True,2807.2,5.27,0
215,2025-12-10,D5,Este,Camión,2435.01,10.17,32.84,4,13,14,13.1,True,True,8568.0,26.27,1
216,2026-03-20,D5,Norte,Moto,2.4,0.13,2.6,2,14,16,15.2,True,True,1208.0,0.26,0
217,2026-06-05,D2,Norte,Camión,1970.0,9.08,16.34,5,10,12,11.3,True,True,5768.0,13.07,0
218,2026-01-30,D3,Norte,Moto,36.34,0.46,14.18,1,9,11,10.9,True,True,1634.4,1.42,0
219,2026-05-15,D4,Este,Furgoneta,415.68,9.99,4.66,1,10,12,10.2,True,True,1059.2,1.63,1
220,2026-04-20,D3,Este,Moto,54.74,0.3,50.96,3,10,13,13.6,False,True,5576.8,5.1,0
221,2026-03-06,D4,Centro,Moto,91.93,0.08,27.64,2,12,14,14.0,True,True,3211.2,2.76,0
222,2025-12-19,D2,Norte,Furgoneta,57.49,3.24,4.74,3,10,11,10.4,True,True,2068.8,1.66,0
223,2026-04-02,D4,Oeste,Furgoneta,177.45,8.04,56.59,1,12,15,13.2,True,True,7290.8,19.81,0
224,2025-10-15,D2,Este,Moto,87.4,0.44,24.42,3,8,9,8.1,True,True,3453.6,2.44,0
225,2025-09-27,D2,Centro,Moto,87.68,0.34,32.71,3,10,13,13.0,True,True,4116.8,3.27,0
226,2025-07-20,D1,Oeste,Furgoneta,431.98,5.35,18.62,2,13,16,15.1,True,True,3234.4,6.52,0
227,2025-12-12,D4,Oeste,Camión,3770.98,13.77,41.86,1,14,18,15.1,True,True,8872.0,33.49,0
228,2026-03-18,D1,Centro,Moto,50.38,0.08,46.69,1,10,14,12.9,True,True,4235.2,4.67,0
229,2026-03-11,D5,Centro,Furgoneta,487.07,1.87,14.09,1,15,17,16.0,True,True,2190.8,4.93,1
230,2025-07-10,D2,Oeste,Moto,87.76,0.31,48.3,2,15,17,16.5,True,True,4864.0,4.83,0
231,2025-06-22,D3,Oeste,Moto,38.5,0.48,58.19,1,8,11,9.7,True,False,5155.2,5.82,0
232,2025-11-04,D2,Norte,Moto,88.08,0.08,3.34,2,10,12,10.2,True,False,1267.2,0.33,1
233,2026-05-10,D1,Oeste,Moto,7.33,0.38,34.04,3,13,14,13.7,True,False,4223.2,3.4,0
234,2025-11-21,D5,Norte,Furgoneta,485.21,9.65,54.84,5,10,11,10.3,True,True,9080.8,19.19,0
235,2025-06-18,D3,Norte,Camión,1340.65,29.02,11.78,1,13,16,13.1,True,True,2856.0,9.42,0
236,2025-08-27,D3,Norte,Moto,1.81,0.42,27.68,3,10,11,10.1,True,True,3714.4,2.77,0
237,2026-01-22,D5,Sur,Furgoneta,389.95,0.7,3.77,2,10,11,10.4,True,True,1452.4,1.32,0
238,2026-03-30,D4,Centro,Furgoneta,481.75,3.57,29.56,2,11,13,11.6,True,True,4547.2,10.35,0
239,2025-10-01,D1,Centro,Furgoneta,344.39,1.74,31.65,2,8,10,8.3,True,True,4798.0,11.08,0
240,2025-08-23,D4,Sur,Moto,95.83,0.32,54.31,2,15,17,16.8,True,True,5344.8,5.43,1
241,2026-02-10,D3,Sur,Furgoneta,290.55,4.71,41.2,2,13,15,13.5,True,False,5944.0,14.42,0
242,2025-07-25,D4,Centro,Furgoneta,210.99,7.51,28.31,5,12,14,12.5,True,True,5897.2,9.91,1
243,2025-07-25,D5,Oeste,Moto,46.91,0.18,19.13,4,9,12,9.5,True,True,3530.4,1.91,2
244,2026-04-04,D3,Norte,Camión,2589.17,18.38,34.95,3,9,12,10.6,True,True,8490.0,27.96,0
245,2025-11-17,D3,Sur,Moto,54.49,0.34,29.34,2,13,16,15.0,True,True,3347.2,2.93,0
246,2026-04-10,D2,Centro,Furgoneta,384.86,3.88,48.39,4,12,14,13.4,True,True,7806.8,16.94,1
247,2026-06-03,D2,Sur,Camión,2135.83,19.33,20.89,5,9,11,10.4,True,True,6678.0,16.71,0
248,2026-04-20,D3,Oeste,Camión,1910.62,9.89,36.97,5,12,13,12.1,True,True,9894.0,29.58,0
249,2026-04-19,D2,Norte,Moto,17.53,0.12,18.05,3,10,11,10.1,True,True,2944.0,1.81,0
250,2026-01-15,D2,Norte,Furgoneta,298.65,1.76,52.44,1,9,10,9.4,True,True,6792.8,18.35,0
251,2025-07-11,D4,Norte,Furgoneta,146.02,2.83,45.78,5,11,13,11.9,True,True,7993.6,16.02,0
252,2025-07-25,D2,Centro,Camión,1337.76,12.44,30.34,5,12,15,13.4,True,False,8568.0,24.27,0
253,2025-12-17,D2,Sur,Camión,2148.32,8.72,6.1,2,14,16,15.7,True,True,2220.0,4.88,0
254,2026-05-30,D1,Sur,Furgoneta,66.19,6.68,36.74,1,10,13,12.2,True,True,4908.8,12.86,0
255,2025-07-30,D2,Oeste,Camión,3544.89,12.99,32.11,4,15,16,15.8,True,True,8422.0,25.69,0
256,2026-03-25,D4,Centro,Moto,87.08,0.49,7.39,2,14,16,14.6,True,True,1591.2,0.74,0
257,2025-08-24,D5,Norte,Furgoneta,345.41,6.95,54.91,4,11,14,11.6,True,True,8589.2,19.22,0
258,2025-12-14,D3,Este,Moto,41.92,0.36,46.62,5,14,18,14.8,True,True,6229.6,4.66,1
259,2025-10-20,D4,Oeste,Moto,40.52,0.25,38.72,1,9,11,10.0,True,True,3597.6,3.87,0
260,2025-07-16,D2,Norte,Furgoneta,415.86,3.52,40.41,5,14,16,14.6,True,True,7349.2,14.14,0
261,2026-05-13,D5,Centro,Moto,77.63,0.19,52.57,3,13,15,13.9,True,True,5705.6,5.26,2
262,2025-11-20,D2,Oeste,Furgoneta,40.63,7.18,16.54,1,9,12,9.2,True,True,2484.8,5.79,0
263,2025-08-18,D4,Norte,Furgoneta,437.03,4.02,31.3,5,11,15,13.0,True,True,6256.0,10.96,0
264,2026-02-18,D2,Oeste,Camión,2177.64,22.53,5.34,1,12,15,12.5,True,True,1568.0,4.27,0
265,2026-05-03,D4,Norte,Moto,76.65,0.44,11.92,4,8,10,8.2,True,True,2953.6,1.19,0
266,2025-11-15,D4,Este,Furgoneta,454.88,6.4,57.78,2,12,15,13.3,True,True,7933.6,20.22,0
267,2025-09-22,D5,Este,Furgoneta,261.62,8.37,36.35,2,12,15,12.1,True,True,5362.0,12.72,1
268,2025-07-20,D1,Sur,Moto,66.23,0.08,3.98,4,11,14,12.3,True,True,2318.4,0.4,0
269,2025-11-19,D1,Oeste,Moto,91.01,0.32,40.07,3,10,14,12.5,True,True,4705.6,4.01,0
270,2026-03-08,D1,Este,Moto,6.8,0.45,47.45,5,12,14,12.1,True,True,6296.0,4.75,0
271,2026-01-14,D3,Norte,Moto,6.08,0.15,56.06,3,12,16,12.1,True,True,5984.8,5.61,0
272,2026-02-18,D3,Oeste,Camión,2295.78,5.77,47.47,2,15,16,15.4,True,True,10494.0,37.98,0
273,2025-08-14,D1,Sur,Moto,37.48,0.09,56.54,4,15,16,15.4,True,True,6523.2,5.65,0
274,2025-11-15,D2,Este,Furgoneta,147.61,6.47,35.08,4,9,11,9.6,True,True,6209.6,12.28,0
275,2026-06-05,D5,Norte,Camión,2179.93,22.27,38.07,2,13,14,13.6,True,True,8614.0,30.46,1
276,2025-07-29,D5,Norte,Furgoneta,134.92,9.05,55.58,3,14,18,14.3,True,True,8169.6,19.45,1
277,2026-04-28,D1,Norte,Camión,2711.08,28.38,25.0,2,10,14,12.2,True,True,6000.0,20.0,1
278,2025-06-30,D2,Centro,Moto,29.57,0.11,30.28,4,8,12,9.4,True,False,4422.4,3.03,0
279,2025-08-30,D3,Oeste,Furgoneta,410.66,7.38,14.14,5,13,15,13.4,True,True,4196.8,4.95,0
280,2025-10-03,D1,Sur,Moto,75.64,0.1,41.93,5,8,10,9.4,True,True,5854.4,4.19,0
281,2025-09-20,D5,Oeste,Furgoneta,72.05,4.55,55.55,2,8,11,9.6,True,True,7666.0,19.44,0
282,2025-12-07,D4,Norte,Furgoneta,498.12,4.11,32.1,3,13,17,15.2,True,True,5352.0,11.23,1
283,2025-07-31,D2,Este,Moto,53.73,0.37,15.79,5,14,16,15.7,True,True,3763.2,1.58,0
284,2025-07-11,D5,Norte,Moto,71.66,0.26,8.07,1,12,16,14.9,True,True,1145.6,0.81,0
285,2026-04-14,D2,Centro,Furgoneta,202.69,4.24,7.43,1,15,17,15.3,True,True,1391.6,2.6,0
286,2026-03-20,D1,Norte,Furgoneta,82.01,8.12,46.4,5,8,10,10.0,True,False,8068.0,16.24,0
287,2025-08-30,D3,Sur,Moto,18.06,0.19,13.32,2,13,15,13.5,True,True,2065.6,1.33,0
288,2025-07-02,D3,Norte,Moto,84.42,0.38,12.42,4,12,15,13.4,True,True,2993.6,1.24,0
289,2026-01-19,D2,Este,Furgoneta,464.58,5.59,57.2,1,8,11,11.5,False,True,7364.0,20.02,0
290,2026-06-08,D2,Oeste,Camión,4471.04,19.68,54.92,2,10,12,10.2,True,True,11984.0,43.94,0
291,2025-07-17,D2,Centro,Camión,695.91,18.16,44.56,5,8,11,8.4,True,True,11412.0,35.65,1
292,2026-05-30,D3,Oeste,Furgoneta,339.91,0.95,11.47,2,13,14,14.0,True,True,2376.4,4.01,0
293,2025-08-20,D4,Sur,Furgoneta,266.82,1.84,1.6,2,14,18,17.5,True,True,1192.0,0.56,0
294,2025-09-09,D1,Centro,Moto,44.55,0.1,9.07,4,10,13,12.6,True,True,2725.6,0.91,0
295,2025-08-02,D3,Centro,Furgoneta,75.3,4.32,19.89,5,11,14,14.0,True,True,4886.8,6.96,1
296,2026-04-15,D5,Norte,Moto,50.95,0.07,32.58,5,11,14,13.1,True,True,5106.4,3.26,0
297,2026-04-15,D2,Oeste,Moto,53.66,0.49,37.38,3,12,13,13.0,True,True,4490.4,3.74,0
298,2025-11-29,D3,Este,Furgoneta,162.19,2.49,53.68,3,15,16,15.8,True,True,7941.6,18.79,1
299,2025-12-31,D1,Sur,Furgoneta,45.05,9.06,28.46,3,12,14,12.6,True,True,4915.2,9.96,0
300,2026-02-20,D1,Sur,Camión,2500.81,6.5,27.38,2,12,13,12.3,True,True,6476.0,21.9,0
301,2025-10-12,D2,Oeste,Furgoneta,216.87,5.41,17.36,5,11,12,11.8,True,True,4583.2,6.08,0
302,2025-08-06,D4,Sur,Furgoneta,446.12,5.81,31.28,5,11,14,12.8,True,False,6253.6,10.95,0
303,2025-11-17,D2,Centro,Moto,18.95,0.16,41.32,2,11,15,11.8,True,True,4305.6,4.13,1
304,2026-04-19,D3,Este,Furgoneta,126.5,9.05,11.14,4,8,10,8.0,True,True,3336.8,3.9,0
305,2025-07-24,D5,Oeste,Furgoneta,70.46,5.54,47.05,3,13,15,13.7,True,True,7146.0,16.47,0
306,2026-05-30,D4,Este,Moto,92.16,0.25,57.33,1,9,11,10.9,True,True,5086.4,5.73,0
307,2025-12-12,D4,Centro,Furgoneta,47.6,5.99,53.44,1,11,12,11.7,True,True,6912.8,18.7,0
308,2026-01-07,D5,Este,Moto,5.95,0.47,58.92,4,9,10,9.8,True,True,6713.6,5.89,0
309,2025-07-28,D1,Sur,Moto,83.99,0.5,20.06,3,10,13,10.6,True,True,3104.8,2.01,2
310,2026-05-26,D5,Este,Camión,4587.71,8.15,6.61,2,12,14,12.2,True,True,2322.0,5.29,0
311,2026-03-12,D1,Oeste,Furgoneta,64.65,2.29,40.82,4,13,14,13.7,True,True,6898.4,14.29,1
312,2025-08-07,D4,Oeste,Furgoneta,378.3,8.2,12.63,3,10,14,11.3,True,True,3015.6,4.42,0
313,2025-11-24,D4,Oeste,Camión,2718.87,18.84,33.05,3,14,16,14.4,True,True,8110.0,26.44,0
314,2025-12-29,D3,Sur,Furgoneta,70.93,6.08,59.76,1,9,10,11.1,False,True,7671.2,20.92,0
315,2026-01-04,D2,Oeste,Camión,456.76,13.93,44.48,4,14,18,17.9,True,True,10896.0,35.58,0
316,2026-06-10,D4,Sur,Moto,2.4,0.24,47.01,1,10,12,10.2,True,True,4260.8,4.7,0
317,2026-03-17,D3,Sur,Furgoneta,435.29,3.16,55.09,4,14,18,17.1,True,True,8610.8,19.28,0
318,2025-11-12,D2,Norte,Furgoneta,235.47,5.93,36.82,3,10,12,11.2,True,True,5918.4,12.89,1
319,2025-09-18,D1,Sur,Moto,18.24,0.03,31.48,3,9,10,9.6,True,True,4018.4,3.15,0
320,2025-12-16,D5,Centro,Moto,85.8,0.2,55.37,1,15,18,19.4,False,True,4929.6,5.54,0
321,2025-10-10,D3,Centro,Moto,50.85,0.05,54.75,5,13,17,15.0,True,True,6880.0,5.48,0
322,2025-06-23,D5,Este,Moto,29.69,0.49,49.65,2,9,13,9.1,True,True,4972.0,4.96,0
323,2026-02-01,D5,Este,Furgoneta,334.09,2.86,46.22,3,8,11,8.6,True,True,7046.4,16.18,0
324,2025-08-06,D3,Sur,Moto,92.06,0.32,33.58,1,10,11,12.7,False,True,3186.4,3.36,0
325,2026-05-18,D4,Centro,Moto,20.75,0.18,44.28,1,10,11,10.0,True,False,4042.4,4.43,0
326,2025-09-16,D5,Centro,Camión,317.06,20.6,17.84,2,13,15,15.6,False,True,4568.0,14.27,0
327,2026-03-07,D2,Centro,Moto,22.3,0.47,59.44,4,9,12,9.3,True,True,6755.2,5.94,0
328,2025-08-29,D5,Centro,Furgoneta,323.38,3.03,52.56,1,9,10,9.6,True,False,6807.2,18.4,2
329,2025-06-25,D4,Este,Camión,2884.27,10.19,35.36,4,11,14,11.0,True,True,9072.0,28.29,0
330,2025-08-28,D3,Sur,Furgoneta,270.6,8.6,50.96,4,9,10,9.1,True,True,8115.2,17.84,0
331,2026-02-21,D4,Sur,Furgoneta,39.15,3.2,1.06,4,10,11,10.1,True,True,2127.2,0.37,0
332,2025-10-18,D1,Norte,Moto,0.94,0.46,17.43,2,12,15,15.0,True,False,2394.4,1.74,1
333,2025-11-05,D5,Este,Furgoneta,77.89,8.45,59.87,2,12,16,13.4,True,True,8184.4,20.95,0
334,2025-07-26,D4,Sur,Furgoneta,494.49,1.46,22.32,2,9,11,9.4,True,False,3678.4,7.81,0
335,2026-06-15,D2,Centro,Furgoneta,218.02,5.42,11.0,1,9,13,11.7,True,True,1820.0,3.85,0
336,2026-02-16,D5,Norte,Moto,96.24,0.33,47.12,4,13,16,15.8,True,True,5769.6,4.71,0
337,2025-06-29,D5,Centro,Moto,52.53,0.45,46.73,5,10,12,12.0,True,True,6238.4,4.67,0
338,2026-01-26,D3,Norte,Moto,7.43,0.44,28.7,2,10,13,12.3,True,True,3296.0,2.87,0
339,2025-11-24,D5,Oeste,Moto,31.37,0.37,57.2,1,9,12,9.1,True,True,5076.0,5.72,0
340,2026-03-01,D2,Sur,Moto,27.5,0.04,50.76,5,11,14,13.0,True,True,6560.8,5.08,0
341,2025-09-14,D3,Sur,Moto,71.98,0.22,34.1,1,9,13,9.5,True,True,3228.0,3.41,1
342,2026-03-26,D2,Oeste,Furgoneta,128.48,8.41,42.86,5,12,13,12.6,True,True,7643.2,15.0,0
343,2026-05-16,D4,Sur,Furgoneta,169.31,8.62,16.26,3,14,16,14.3,True,True,3451.2,5.69,0
344,2025-11-25,D4,Oeste,Furgoneta,338.81,1.43,15.5,2,11,15,13.2,True,False,2860.0,5.42,0
345,2025-09-09,D2,Este,Moto,87.17,0.02,5.72,2,15,16,15.2,True,True,1457.6,0.57,0
346,2025-07-09,D4,Sur,Furgoneta,192.78,8.83,33.51,5,11,13,12.9,True,True,6521.2,11.73,0
347,2026-04-26,D1,Norte,Camión,4714.95,9.61,47.72,4,8,11,9.9,True,True,11544.0,38.18,0
348,2025-08-21,D1,Oeste,Furgoneta,204.34,4.01,26.66,3,9,11,9.6,True,True,4699.2,9.33,0
349,2026-04-02,D3,Centro,Moto,37.44,0.46,44.04,1,10,11,10.9,True,False,4023.2,4.4,0
350,2025-08-03,D1,Este,Camión,2440.42,14.82,40.72,4,11,14,11.2,True,True,10144.0,32.58,0
351,2026-05-25,D5,Sur,Moto,72.86,0.35,26.41,4,15,18,16.9,True,True,4112.8,2.64,0
352,2025-10-31,D2,Centro,Furgoneta,332.8,5.59,13.66,2,8,12,10.9,True,True,2639.2,4.78,0
353,2025-10-05,D1,Centro,Furgoneta,172.72,9.83,21.13,1,9,12,11.4,True,True,3035.6,7.4,0
354,2026-01-09,D1,Norte,Moto,27.2,0.22,19.44,2,9,12,9.9,True,True,2555.2,1.94,0
355,2026-05-17,D2,Norte,Furgoneta,140.52,8.89,1.45,1,10,11,10.2,True,True,674.0,0.51,1
356,2025-12-01,D2,Centro,Moto,42.2,0.42,48.4,5,12,14,13.0,True,True,6372.0,4.84,0
357,2026-02-16,D3,Este,Camión,633.01,17.43,41.91,4,10,14,11.3,True,True,10382.0,33.53,0
358,2026-05-15,D5,Norte,Furgoneta,261.58,2.08,17.7,3,9,11,10.8,True,True,3624.0,6.19,0
359,2025-08-02,D5,Este,Moto,42.87,0.45,35.86,3,15,19,19.0,True,True,4368.8,3.59,0
360,2026-02-14,D5,Sur,Moto,54.51,0.16,30.32,3,9,12,9.7,True,True,3925.6,3.03,0
361,2026-03-20,D3,Centro,Moto,26.68,0.37,38.71,5,15,19,16.1,True,True,5596.8,3.87,1
362,2025-07-05,D5,Norte,Furgoneta,233.82,6.86,31.96,3,15,17,16.1,True,True,5335.2,11.19,0
363,2026-06-02,D2,Centro,Moto,7.73,0.13,13.19,1,15,16,15.2,True,True,1555.2,1.32,2
364,2025-08-23,D3,Oeste,Moto,21.04,0.41,17.66,4,14,16,16.0,True,True,3412.8,1.77,0
365,2026-01-12,D1,Oeste,Furgoneta,185.61,7.35,53.46,4,14,18,17.2,True,True,8415.2,18.71,0
366,2026-03-22,D1,Norte,Furgoneta,177.4,6.87,3.76,5,12,16,15.1,True,True,2951.2,1.32,0
367,2025-12-28,D5,Norte,Camión,379.16,11.25,12.25,2,14,18,15.7,True,False,3450.0,9.8,0
368,2025-09-29,D2,Norte,Moto,99.33,0.26,31.83,5,8,11,10.1,True,True,5046.4,3.18,0
369,2025-12-10,D2,Este,Moto,94.12,0.49,52.65,4,12,14,12.3,True,True,6212.0,5.27,0
370,2025-08-13,D3,Centro,Camión,2995.97,22.85,20.91,3,8,11,11.5,False,True,5682.0,16.73,0
371,2025-07-19,D2,Sur,Furgoneta,492.3,3.85,52.79,2,10,12,11.5,True,True,7334.8,18.48,1
372,2025-08-04,D4,Este,Moto,4.84,0.28,54.95,3,12,14,13.5,True,True,5896.0,5.5,0
373,2026-02-08,D3,Este,Camión,3538.6,17.81,24.45,2,14,18,19.3,False,True,5890.0,19.56,0
374,2025-11-21,D2,Norte,Furgoneta,38.45,0.5,15.01,1,9,11,10.9,True,True,2301.2,5.25,0
375,2025-10-15,D1,Centro,Moto,58.06,0.35,35.59,3,12,15,14.1,True,True,4347.2,3.56,0
376,2026-04-17,D1,Este,Camión,271.45,12.11,58.44,1,14,16,14.0,True,True,12188.0,46.75,0
377,2025-12-06,D3,Oeste,Moto,99.09,0.34,18.69,2,14,15,14.0,True,True,2495.2,1.87,0
378,2026-05-26,D4,Este,Furgoneta,490.78,9.48,19.13,3,11,15,12.0,True,False,3795.6,6.7,0
379,2025-12-04,D3,Centro,Camión,3393.9,27.99,42.17,1,12,15,14.1,True,True,8934.0,33.74,0
380,2026-03-08,D5,Sur,Furgoneta,137.03,1.93,9.14,5,9,13,12.8,True,True,3596.8,3.2,0
381,2026-05-08,D2,Este,Moto,7.5,0.42,25.4,5,11,15,14.0,True,True,4532.0,2.54,0
382,2025-07-07,D5,Este,Furgoneta,327.03,3.6,24.11,1,8,9,8.1,True,True,3393.2,8.44,0
383,2026-01-21,D4,Centro,Camión,1737.1,6.37,21.48,3,13,16,14.8,True,True,5796.0,17.18,0
384,2026-05-09,D3,Este,Moto,7.29,0.01,46.87,1,14,16,14.1,True,True,4249.6,4.69,0
385,2025-11-15,D3,Centro,Moto,96.85,0.35,16.03,5,12,15,12.6,True,True,3782.4,1.6,0
386,2026-04-11,D1,Oeste,Camión,1248.97,29.37,28.89,4,11,15,13.2,True,True,7778.0,23.11,0
387,2026-01-26,D5,Oeste,Moto,7.11,0.02,4.39,1,10,11,10.0,True,True,851.2,0.44,1
388,2025-09-02,D5,Sur,Furgoneta,58.45,8.28,7.4,5,12,13,13.6,False,True,3388.0,2.59,0
389,2025-11-13,D5,Sur,Furgoneta,261.99,2.67,7.27,5,12,14,13.5,True,True,3372.4,2.54,0
390,2025-09-21,D1,Sur,Moto,89.04,0.05,55.11,3,9,10,9.2,True,True,5908.8,5.51,0
391,2026-05-26,D1,Oeste,Furgoneta,281.42,6.58,21.09,3,12,16,13.6,True,True,4030.8,7.38,0
392,2026-02-21,D2,Norte,Moto,90.27,0.5,38.95,2,14,16,14.2,True,True,4116.0,3.9,0
393,2026-01-04,D1,Sur,Furgoneta,160.06,5.39,47.61,4,10,13,10.6,True,True,7713.2,16.66,0
394,2025-07-07,D2,Centro,Camión,2523.18,27.32,32.12,4,13,15,14.6,True,True,8424.0,25.7,0
395,2025-10-24,D2,Norte,Camión,4098.21,14.22,27.82,4,11,12,11.0,True,True,7564.0,22.26,0
396,2025-06-18,D4,Norte,Furgoneta,219.45,0.74,14.71,3,8,10,9.8,True,True,3265.2,5.15,0
397,2026-02-09,D4,Este,Moto,68.59,0.1,23.22,5,14,18,15.2,True,True,4357.6,2.32,0
398,2026-02-28,D5,Este,Moto,81.83,0.21,17.86,4,11,12,11.3,True,True,3428.8,1.79,0
399,2025-11-13,D5,Norte,Moto,44.31,0.45,1.86,4,8,9,8.8,True,True,2148.8,0.19,0
400,2025-09-11,D2,Centro,Camión,1264.37,20.13,12.88,4,8,11,10.8,True,False,4576.0,10.3,0
401,2026-01-05,D3,Este,Furgoneta,469.05,2.08,33.7,5,15,19,16.1,True,True,6544.0,11.79,0
402,2025-12-12,D1,Oeste,Furgoneta,430.96,0.53,29.77,5,10,11,10.3,True,True,6072.4,10.42,1
403,2025-12-29,D4,Centro,Furgoneta,140.08,4.96,23.49,2,11,12,12.0,True,True,3818.8,8.22,0
404,2025-08-26,D2,Oeste,Moto,76.28,0.06,40.53,4,14,17,16.5,True,True,5242.4,4.05,0
405,2025-10-18,D4,Oeste,Moto,38.63,0.3,37.64,4,8,11,9.1,True,True,5011.2,3.76,0
406,2025-08-01,D2,Centro,Moto,1.71,0.22,25.41,5,13,15,15.9,False,True,4532.8,2.54,0
407,2026-03-29,D1,Este,Moto,11.61,0.29,50.13,1,13,14,13.6,True,True,4510.4,5.01,0
408,2026-05-04,D1,Sur,Moto,98.94,0.18,56.38,1,8,12,11.2,True,False,5010.4,5.64,0
409,2026-01-12,D1,Sur,Moto,48.28,0.22,22.83,3,13,14,13.3,True,True,3326.4,2.28,0
410,2025-08-08,D3,Este,Furgoneta,129.63,3.81,55.69,1,12,15,12.2,True,True,7182.8,19.49,0
411,2026-03-27,D4,Este,Moto,62.29,0.07,37.58,5,10,14,12.9,True,True,5506.4,3.76,0
412,2025-10-15,D3,Oeste,Furgoneta,25.03,3.45,19.59,4,15,17,15.9,True,True,4350.8,6.86,0
413,2026-02-20,D2,Centro,Furgoneta,323.97,2.67,29.08,1,9,13,12.9,True,True,3989.6,10.18,0
414,2026-06-08,D3,Sur,Moto,55.25,0.15,54.55,2,11,14,12.2,True,True,5364.0,5.46,1
415,2025-10-16,D5,Este,Furgoneta,106.25,4.62,59.66,5,8,9,8.3,True,True,9659.2,20.88,1
416,2026-02-22,D2,Norte,Moto,28.27,0.43,48.04,1,14,16,15.5,True,False,4343.2,4.8,0
417,2025-10-11,D5,Este,Moto,79.56,0.06,58.51,1,11,15,13.1,True,True,5180.8,5.85,0
418,2025-08-11,D3,Norte,Furgoneta,352.64,2.55,5.64,5,12,16,14.0,True,True,3176.8,1.97,0
419,2026-02-27,D2,Oeste,Moto,80.47,0.44,15.54,2,14,16,14.5,True,True,2243.2,1.55,0
420,2025-06-19,D1,Oeste,Furgoneta,318.92,5.74,5.85,4,8,10,8.5,True,True,2702.0,2.05,1
421,2025-10-22,D4,Norte,Camión,4804.87,19.3,56.57,5,14,16,14.3,True,True,13814.0,45.26,0
422,2026-02-15,D4,Oeste,Moto,19.76,0.11,36.42,1,14,15,14.7,True,True,3413.6,3.64,0
423,2026-04-21,D1,Sur,Furgoneta,242.03,2.16,47.3,1,15,18,15.2,True,True,6176.0,16.55,0
424,2025-08-15,D2,Sur,Furgoneta,108.43,6.84,29.07,1,13,17,16.5,True,True,3988.4,10.17,0
425,2025-09-03,D3,Sur,Moto,60.2,0.09,10.83,4,11,13,15.0,False,True,2866.4,1.08,1
426,2025-12-16,D4,Este,Furgoneta,306.11,1.19,4.53,2,8,11,9.9,True,True,1543.6,1.59,0
427,2026-01-17,D4,Centro,Furgoneta,399.43,7.72,45.86,4,10,11,10.3,True,True,7503.2,16.05,0
428,2025-07-05,D4,Norte,Moto,64.73,0.44,57.76,5,9,13,11.3,True,True,7120.8,5.78,0
429,2026-05-04,D5,Sur,Furgoneta,376.21,6.78,22.7,1,13,16,14.5,True,True,3224.0,7.94,0
430,2025-10-28,D4,Sur,Furgoneta,413.3,8.21,46.71,3,10,13,11.1,True,True,7105.2,16.35,0
431,2026-03-15,D2,Centro,Moto,67.32,0.45,12.64,3,9,13,13.3,False,False,2511.2,1.26,0
432,2025-08-02,D3,Norte,Furgoneta,218.47,5.97,34.13,5,12,13,12.9,True,True,6595.6,11.95,0
433,2026-01-11,D2,Centro,Moto,83.1,0.1,26.36,2,14,17,16.1,True,True,3108.8,2.64,0
434,2026-04-23,D2,Oeste,Furgoneta,480.53,1.9,57.37,2,9,10,9.8,True,True,7884.4,20.08,0
435,2025-08-07,D3,Sur,Moto,34.27,0.41,20.09,5,10,12,11.0,True,True,4107.2,2.01,0
436,2025-07-05,D5,Oeste,Camión,2624.2,14.41,13.42,4,10,14,13.6,True,True,4684.0,10.74,0
437,2025-11-12,D1,Oeste,Moto,25.37,0.12,50.25,1,15,17,15.1,True,True,4520.0,5.03,0
438,2025-12-20,D3,Norte,Moto,92.45,0.44,41.49,3,9,12,9.8,True,True,4819.2,4.15,0
439,2026-04-25,D5,Norte,Moto,68.24,0.46,27.07,1,9,10,9.2,True,True,2665.6,2.71,0
440,2026-03-23,D1,Norte,Furgoneta,392.81,3.42,22.82,3,15,18,16.3,True,True,4238.4,7.99,0
441,2025-08-10,D1,Sur,Furgoneta,433.54,5.45,7.53,4,11,12,11.7,True,False,2903.6,2.64,0
442,2025-09-25,D3,Centro,Moto,94.5,0.47,59.82,3,14,17,18.7,False,True,6285.6,5.98,0
443,2025-07-17,D4,Oeste,Moto,16.87,0.16,35.08,5,13,16,13.6,True,True,5306.4,3.51,0
444,2025-07-04,D1,Este,Furgoneta,246.37,3.12,28.8,1,12,15,16.5,False,True,3956.0,10.08,0
445,2025-06-21,D4,Este,Furgoneta,119.95,3.77,16.69,4,8,10,8.8,True,True,4002.8,5.84,0
446,2026-01-22,D1,Oeste,Moto,68.17,0.05,9.66,3,11,12,11.4,True,True,2272.8,0.97,0
447,2025-10-30,D2,Norte,Moto,84.68,0.08,25.29,5,15,18,17.3,True,True,4523.2,2.53,1
448,2025-07-30,D3,Oeste,Moto,11.0,0.36,12.1,4,15,17,16.4,True,True,2968.0,1.21,0
449,2026-03-23,D1,Norte,Furgoneta,126.34,6.43,39.94,1,13,16,13.2,True,True,5292.8,13.98,0
450,2026-05-16,D4,Norte,Furgoneta,77.54,6.84,2.94,2,13,15,16.1,False,True,1352.8,1.03,0
451,2026-05-20,D4,Este,Moto,9.92,0.23,7.36,2,15,18,17.4,True,True,1588.8,0.74,0
452,2025-07-08,D1,Centro,Furgoneta,468.74,8.05,22.85,4,15,19,15.8,True,True,4742.0,8.0,0
453,2026-05-30,D4,Sur,Moto,88.11,0.19,25.74,2,10,13,12.9,True,True,3059.2,2.57,0
454,2025-08-17,D3,Centro,Furgoneta,156.88,8.52,7.71,5,15,17,16.4,True,True,3425.2,2.7,0
455,2026-02-26,D4,Este,Camión,1419.43,8.77,53.42,2,14,15,14.8,True,True,11684.0,42.74,0
456,2025-07-26,D5,Norte,Furgoneta,293.31,5.59,27.83,2,10,14,10.3,True,True,4339.6,9.74,0
457,2026-05-23,D2,Sur,Furgoneta,224.04,8.51,10.2,3,13,16,15.0,True,True,2724.0,3.57,0
458,2025-12-17,D4,Este,Moto,9.21,0.1,38.07,1,11,14,12.0,True,True,3545.6,3.81,1
459,2025-07-16,D3,Centro,Furgoneta,364.03,0.93,40.14,3,12,14,13.6,True,True,6316.8,14.05,0
460,2025-07-10,D1,Sur,Moto,44.12,0.1,44.76,4,11,15,12.8,True,True,5580.8,4.48,0
461,2025-08-05,D1,Sur,Camión,1112.5,29.61,50.68,3,8,12,10.8,True,False,11636.0,40.54,0
462,2025-08-03,D5,Sur,Furgoneta,321.92,0.61,17.94,4,13,15,13.7,True,True,4152.8,6.28,1
463,2025-07-05,D5,Oeste,Furgoneta,95.45,6.96,33.19,2,15,17,16.7,True,True,4982.8,11.62,0
464,2026-01-10,D3,Este,Moto,76.37,0.12,50.4,4,12,15,14.3,True,False,6032.0,5.04,2
465,2025-07-05,D2,Sur,Camión,2630.13,8.98,35.85,3,9,13,10.6,True,True,8670.0,28.68,0
466,2026-06-05,D3,Sur,Camión,2163.37,21.32,47.09,4,15,16,15.6,True,True,11418.0,37.67,0
467,2026-01-14,D2,Oeste,Moto,41.72,0.25,55.08,4,8,10,9.3,True,True,6406.4,5.51,0
468,2026-04-25,D2,Oeste,Camión,4417.7,23.55,6.06,2,11,14,13.8,True,True,2212.0,4.85,0
469,2026-04-16,D3,Oeste,Camión,4696.72,14.71,24.9,3,12,14,12.6,True,True,6480.0,19.92,0
470,2025-06-20,D5,Este,Camión,2145.16,15.68,34.6,1,12,15,12.1,True,True,7420.0,27.68,0
471,2025-10-08,D4,Este,Moto,89.13,0.5,51.55,5,11,15,15.2,False,True,6624.0,5.16,0
472,2026-03-05,D5,Este,Furgoneta,258.03,4.06,41.34,3,8,12,12.7,False,True,6460.8,14.47,0
473,2026-04-10,D1,Este,Furgoneta,341.07,5.34,1.2,5,13,15,15.1,False,True,2644.0,0.42,1
474,2026-03-29,D2,Este,Moto,83.28,0.29,33.07,5,15,16,15.4,True,True,5145.6,3.31,0
475,2026-05-06,D3,Este,Moto,30.6,0.23,53.03,5,13,14,13.6,True,True,6742.4,5.3,0
476,2026-01-05,D1,Oeste,Moto,77.53,0.05,24.79,3,10,12,10.3,True,False,3483.2,2.48,0
477,2026-01-15,D5,Sur,Moto,3.52,0.2,33.69,3,14,16,16.0,True,True,4195.2,3.37,0
478,2026-06-17,D5,Este,Furgoneta,336.8,5.02,51.28,1,10,14,13.9,True,True,6653.6,17.95,0
479,2026-01-11,D3,Oeste,Camión,2050.07,15.93,57.01,4,15,18,15.4,True,True,13402.0,45.61,0
480,2025-09-24,D2,Centro,Camión,4567.14,25.95,47.64,3,11,13,11.9,True,True,11028.0,38.11,0
481,2026-03-17,D4,Sur,Moto,40.84,0.46,13.05,5,8,12,9.3,True,True,3544.0,1.31,0
482,2025-08-17,D5,Oeste,Camión,4434.93,10.45,25.3,1,14,18,14.9,True,True,5560.0,20.24,0
483,2026-03-13,D2,Oeste,Moto,20.01,0.02,12.32,2,9,10,9.3,True,True,1985.6,1.23,0
484,2026-02-02,D5,Norte,Furgoneta,150.22,1.6,58.86,1,12,16,14.8,True,True,7563.2,20.6,0
485,2026-02-05,D1,Norte,Camión,345.47,20.87,5.09,2,8,12,13.8,False,True,2018.0,4.07,1
486,2026-05-07,D3,Norte,Moto,27.56,0.45,47.76,5,14,16,14.4,True,True,6320.8,4.78,0
487,2025-08-01,D3,Centro,Furgoneta,159.73,7.47,14.03,1,15,17,15.6,True,True,2183.6,4.91,0
488,2026-06-17,D4,Este,Moto,73.84,0.13,35.44,2,10,14,13.3,True,False,3835.2,3.54,0
489,2025-08-06,D5,Sur,Furgoneta,275.82,3.36,53.98,3,8,9,8.3,True,False,7977.6,18.89,0
490,2025-11-22,D5,Norte,Moto,30.45,0.32,7.71,5,11,15,16.2,False,True,3116.8,0.77,0
491,2026-06-17,D5,Sur,Camión,4067.27,23.93,12.38,1,14,18,18.2,False,True,2976.0,9.9,0
492,2025-07-12,D1,Centro,Furgoneta,206.82,5.59,26.61,4,15,17,15.3,True,True,5193.2,9.31,0
493,2025-09-07,D2,Sur,Furgoneta,53.19,8.63,28.62,3,13,17,15.8,True,True,4934.4,10.02,1
494,2025-08-18,D3,Norte,Camión,1490.29,5.85,6.62,4,12,13,12.7,True,True,3324.0,5.3,0
495,2026-05-04,D5,Centro,Camión,4490.6,12.17,52.71,4,9,11,11.0,True,False,12542.0,42.17,0
496,2025-11-12,D1,Este,Moto,43.17,0.19,3.55,2,9,13,14.6,False,True,1284.0,0.35,0
497,2026-02-23,D3,Centro,Camión,318.38,24.57,48.37,3,14,16,16.0,True,True,11174.0,38.7,0
498,2026-01-07,D4,Este,Moto,53.41,0.03,3.73,1,9,12,13.8,False,True,798.4,0.37,0
499,2026-05-15,D4,Sur,Furgoneta,258.97,7.24,11.73,5,10,14,10.4,True,True,3907.6,4.11,0
500,2025-10-03,D3,Oeste,Moto,67.6,0.11,47.98,1,8,10,8.1,True,True,4338.4,4.8,0
501,2025-08-13,D1,Oeste,Furgoneta,81.42,1.83,4.96,5,11,15,11.7,True,True,3095.2,1.74,0
502,2025-09-04,D2,Norte,Furgoneta,152.63,8.36,20.18,1,15,19,16.0,True,True,2921.6,7.06,0
503,2026-03-05,D3,Sur,Furgoneta,362.74,5.16,26.56,5,15,18,16.8,True,False,5687.2,9.3,0
504,2025-11-16,D3,Norte,Furgoneta,84.35,7.56,31.24,1,12,16,13.5,True,True,4248.8,10.93,0
505,2025-10-21,D4,Centro,Moto,72.43,0.46,45.16,4,15,17,15.3,True,True,5612.8,4.52,0
506,2025-10-03,D4,Este,Camión,4336.64,14.87,40.14,3,12,14,13.6,True,True,9528.0,32.11,0
507,2025-07-24,D1,Este,Moto,0.84,0.45,21.63,2,13,14,13.5,True,True,2730.4,2.16,0
508,2025-12-28,D1,Oeste,Moto,85.61,0.46,10.48,5,11,14,15.5,False,True,3338.4,1.05,0
509,2025-11-11,D4,Este,Furgoneta,359.95,7.66,47.41,5,15,17,16.8,True,True,8189.2,16.59,0
510,2026-04-20,D5,Centro,Moto,18.39,0.38,9.11,2,11,12,12.3,False,True,1728.8,0.91,0
511,2026-05-18,D4,Centro,Camión,1650.3,15.63,16.89,1,14,17,16.8,True,True,3878.0,13.51,0
512,2025-08-26,D1,Este,Moto,2.46,0.13,26.09,1,15,17,15.5,True,True,2587.2,2.61,0
513,2026-02-08,D5,Oeste,Moto,67.94,0.13,38.44,3,10,14,12.5,True,True,4575.2,3.84,1
514,2026-01-02,D2,Norte,Furgoneta,155.44,1.32,45.29,3,15,19,16.9,True,True,6934.8,15.85,0
515,2025-12-18,D5,Norte,Furgoneta,36.87,4.78,40.5,5,8,11,9.1,True,True,7360.0,14.17,0
516,2026-05-23,D4,Sur,Furgoneta,267.43,0.81,56.03,4,8,12,13.6,False,True,8723.6,19.61,0
517,2026-05-12,D3,Centro,Furgoneta,40.95,3.54,50.01,4,15,16,15.2,True,True,8001.2,17.5,0
518,2025-08-23,D3,Este,Furgoneta,460.16,5.2,52.65,2,15,19,15.7,True,True,7318.0,18.43,0
519,2025-12-22,D3,Centro,Furgoneta,474.23,0.94,5.93,3,13,16,14.6,True,True,2211.6,2.08,0
520,2025-08-11,D2,Centro,Furgoneta,290.88,2.18,12.2,4,11,15,12.4,True,True,3464.0,4.27,0
521,2026-03-03,D5,Norte,Moto,38.22,0.04,58.04,1,14,16,17.8,False,True,5143.2,5.8,1
522,2025-07-01,D2,Oeste,Moto,43.08,0.29,9.86,5,8,10,8.5,True,True,3288.8,0.99,1
523,2025-09-07,D1,Oeste,Furgoneta,51.53,9.88,20.41,3,8,10,8.2,True,True,3949.2,7.14,0
524,2025-08-12,D5,Este,Furgoneta,249.91,3.57,33.49,1,9,11,9.6,True,True,4518.8,11.72,0
525,2026-05-18,D3,Oeste,Moto,24.88,0.26,38.18,5,12,14,13.3,True,True,5554.4,3.82,0
526,2025-09-13,D2,Centro,Furgoneta,286.49,2.55,31.13,2,12,15,12.1,True,False,4735.6,10.9,0
527,2026-04-04,D2,Norte,Furgoneta,425.3,0.81,41.52,4,13,17,14.2,True,True,6982.4,14.53,0
528,2026-01-29,D5,Centro,Furgoneta,79.55,2.64,35.22,3,12,13,12.7,True,True,5726.4,12.33,0
529,2025-12-21,D5,Centro,Furgoneta,364.01,0.93,32.69,4,10,12,12.8,False,True,5922.8,11.44,0
530,2026-06-13,D5,Sur,Moto,11.84,0.02,20.28,2,13,16,14.4,True,True,2622.4,2.03,0
531,2026-04-15,D5,Oeste,Furgoneta,405.56,9.69,32.04,3,14,18,15.4,True,True,5344.8,11.21,1
532,2026-03-04,D5,Norte,Moto,98.94,0.47,51.08,5,13,16,13.6,True,True,6586.4,5.11,0
533,2025-07-27,D3,Norte,Moto,56.69,0.33,16.17,5,8,11,8.1,True,True,3793.6,1.62,0
534,2025-09-02,D5,Centro,Moto,60.6,0.01,13.02,2,15,19,18.4,True,True,2041.6,1.3,0
535,2026-06-06,D1,Centro,Furgoneta,94.41,8.49,54.75,4,10,11,10.3,True,True,8570.0,19.16,0
536,2025-07-12,D4,Centro,Moto,71.83,0.25,19.16,5,13,16,14.8,True,True,4032.8,1.92,0
537,2025-12-11,D1,Norte,Furgoneta,369.66,1.12,20.1,2,11,15,11.2,True,True,3412.0,7.04,0
538,2025-10-02,D2,Sur,Furgoneta,445.37,9.93,48.75,3,10,12,11.0,True,True,7350.0,17.06,0
539,2026-01-02,D1,Norte,Furgoneta,327.33,3.14,55.09,5,14,18,18.6,False,True,9110.8,19.28,0
540,2026-04-29,D2,Centro,Furgoneta,81.7,4.34,46.34,1,9,13,12.6,True,True,6060.8,16.22,0
541,2025-09-03,D5,Sur,Furgoneta,405.57,3.62,41.06,3,12,13,12.5,True,True,6427.2,14.37,0
542,2025-11-13,D3,Norte,Moto,9.81,0.03,12.17,3,12,16,17.9,False,True,2473.6,1.22,0
543,2026-04-08,D1,Norte,Furgoneta,146.37,6.12,39.25,5,14,16,15.9,True,True,7210.0,13.74,0
544,2025-08-04,D4,Este,Moto,93.09,0.13,55.48,1,9,10,9.4,True,False,4938.4,5.55,0
545,2025-07-07,D1,Este,Moto,46.3,0.27,48.01,2,10,11,10.7,True,False,4840.8,4.8,0
546,2026-03-28,D2,Este,Camión,4817.91,13.2,6.0,3,15,16,16.0,True,True,2700.0,4.8,0
547,2025-10-28,D2,Este,Furgoneta,286.77,2.57,14.1,5,8,10,9.3,True,True,4192.0,4.93,0
548,2025-11-27,D5,Centro,Moto,76.02,0.02,35.25,4,14,18,16.2,True,True,4820.0,3.53,0
549,2025-09-10,D1,Este,Furgoneta,191.13,3.15,48.41,2,14,16,15.3,True,True,6809.2,16.94,1
550,2026-02-15,D1,Oeste,Furgoneta,183.15,2.78,3.49,4,13,14,13.5,True,True,2418.8,1.22,1
551,2025-09-20,D4,Oeste,Moto,69.79,0.15,6.33,4,10,13,12.1,True,True,2506.4,0.63,0
552,2025-07-11,D1,Oeste,Furgoneta,270.51,3.93,16.32,4,9,13,9.9,True,True,3958.4,5.71,0
553,2025-08-07,D2,Sur,Moto,80.42,0.24,22.73,4,10,11,10.3,True,True,3818.4,2.27,0
554,2026-02-13,D3,Sur,Camión,4710.01,5.28,4.66,1,11,15,13.1,True,True,1432.0,3.73,0
555,2026-01-15,D3,Sur,Moto,47.07,0.2,35.59,2,10,11,10.5,True,True,3847.2,3.56,0
556,2026-06-16,D3,Sur,Furgoneta,351.88,4.39,44.09,4,14,15,14.4,True,True,7290.8,15.43,1
557,2026-02-24,D1,Este,Furgoneta,251.61,8.21,46.43,5,14,16,16.4,False,True,8071.6,16.25,0
558,2025-08-23,D4,Norte,Furgoneta,164.37,9.79,24.09,5,15,16,15.6,True,True,5390.8,8.43,0
559,2026-04-10,D5,Oeste,Moto,68.21,0.3,5.48,3,11,13,12.9,True,True,1938.4,0.55,0
560,2025-09-14,D3,Norte,Moto,22.07,0.13,56.73,3,9,10,9.5,True,False,6038.4,5.67,0
561,2026-06-17,D5,Centro,Furgoneta,141.16,6.55,18.39,5,13,17,15.2,True,False,4706.8,6.44,0
562,2025-07-04,D4,Sur,Furgoneta,293.93,1.87,28.71,3,9,13,10.6,True,False,4945.2,10.05,0
563,2025-10-30,D3,Este,Moto,93.75,0.5,28.0,5,11,14,11.8,True,True,4740.0,2.8,0
564,2025-09-17,D5,Centro,Furgoneta,254.97,7.67,8.59,4,10,11,10.0,True,True,3030.8,3.01,0
565,2026-03-31,D3,Este,Moto,29.21,0.24,7.19,1,9,12,10.2,True,True,1075.2,0.72,0
566,2025-10-11,D2,Este,Furgoneta,390.71,2.48,54.11,2,8,12,11.3,True,True,7493.2,18.94,0
567,2025-11-25,D3,Oeste,Moto,45.75,0.21,49.47,5,11,14,11.3,True,True,6457.6,4.95,0
568,2025-10-06,D4,Norte,Moto,32.76,0.28,39.21,4,15,18,17.7,True,True,5136.8,3.92,0
569,2025-06-29,D2,Este,Moto,46.54,0.08,28.52,4,9,10,10.9,False,False,4281.6,2.85,2
570,2025-10-18,D5,Oeste,Furgoneta,61.84,7.99,41.62,4,12,15,12.9,True,True,6994.4,14.57,0
571,2025-12-20,D4,Centro,Camión,1839.19,5.36,40.28,5,12,15,14.4,True,True,10556.0,32.22,0
572,2025-08-15,D5,Sur,Moto,27.47,0.07,46.57,5,11,13,12.0,True,True,6225.6,4.66,0
573,2025-11-08,D4,Centro,Moto,99.79,0.06,37.1,5,12,15,14.6,True,False,5468.0,3.71,0
574,2025-09-09,D3,Oeste,Moto,44.1,0.31,30.34,5,14,15,14.5,True,True,4927.2,3.03,0
575,2025-08-28,D3,Centro,Furgoneta,251.67,3.54,6.99,5,13,17,13.7,True,True,3338.8,2.45,0
576,2025-08-17,D2,Oeste,Moto,78.63,0.07,44.47,1,11,15,12.4,True,True,4057.6,4.45,0
577,2026-02-20,D4,Oeste,Camión,267.28,15.32,9.5,4,12,15,13.1,True,False,3900.0,7.6,1
578,2026-01-31,D1,Sur,Moto,90.15,0.16,5.23,3,13,14,13.0,True,True,1918.4,0.52,1
579,2025-10-06,D5,Centro,Furgoneta,433.1,9.3,59.91,4,11,15,12.6,True,True,9189.2,20.97,0
580,2026-01-27,D2,Oeste,Moto,96.49,0.47,43.37,2,15,19,16.3,True,True,4469.6,4.34,0
581,2025-10-28,D5,Este,Furgoneta,164.06,6.37,41.96,5,11,14,15.4,False,True,7535.2,14.69,0
582,2025-12-20,D5,Oeste,Moto,17.59,0.47,41.95,5,14,18,14.8,True,True,5856.0,4.2,0
583,2025-12-30,D4,Este,Moto,15.91,0.13,58.39,1,12,13,12.6,True,True,5171.2,5.84,1
584,2026-06-07,D1,Sur,Furgoneta,348.72,4.32,23.82,1,9,11,12.4,False,True,3358.4,8.34,0
585,2026-02-03,D3,Norte,Furgoneta,156.16,4.56,50.84,2,12,13,12.0,True,True,7100.8,17.79,0
586,2025-06-30,D1,Sur,Moto,21.1,0.33,19.73,4,14,16,14.2,True,True,3578.4,1.97,0
587,2026-02-10,D2,Este,Furgoneta,339.12,6.72,14.8,1,15,19,15.8,True,True,2276.0,5.18,0
588,2025-12-29,D5,Oeste,Furgoneta,112.54,4.51,18.15,2,8,11,11.7,False,True,3178.0,6.35,0
589,2025-11-28,D5,Oeste,Moto,87.99,0.45,42.22,2,11,15,14.7,True,True,4377.6,4.22,0
590,2025-11-22,D5,Sur,Camión,853.78,9.22,29.96,3,11,14,12.8,True,False,7492.0,23.97,0
591,2025-11-17,D4,Este,Moto,27.59,0.28,34.81,3,10,14,13.5,True,True,4284.8,3.48,0
592,2026-02-16,D5,Sur,Camión,419.94,29.36,27.36,2,10,14,14.9,False,False,6472.0,21.89,0
593,2025-11-11,D3,Sur,Camión,1566.06,17.28,51.66,5,15,19,17.3,True,True,12832.0,41.33,0
594,2026-05-09,D4,Centro,Moto,52.3,0.09,51.41,1,11,15,14.9,True,True,4612.8,5.14,0
595,2025-12-28,D5,Oeste,Furgoneta,424.77,3.22,9.17,1,9,13,9.5,True,True,1600.4,3.21,0
596,2025-11-28,D2,Sur,Furgoneta,334.9,9.0,57.19,5,12,14,13.8,True,True,9362.8,20.02,0
597,2026-02-18,D1,Este,Furgoneta,214.03,5.65,49.99,1,12,15,14.6,True,True,6498.8,17.5,0
598,2025-10-23,D2,Norte,Moto,91.24,0.26,1.91,3,13,16,14.3,True,True,1652.8,0.19,0
599,2026-06-01,D4,Sur,Moto,5.95,0.45,37.4,2,15,16,15.5,True,True,3992.0,3.74,0
600,2026-02-05,D2,Sur,Moto,17.21,0.35,2.1,3,9,11,9.4,True,True,1668.0,0.21,0
601,2025-07-01,D4,Norte,Moto,55.36,0.16,40.07,3,9,10,9.5,True,True,4705.6,4.01,0
602,2026-01-09,D5,Este,Furgoneta,401.23,2.53,27.28,4,8,10,9.9,True,False,5273.6,9.55,0
603,2026-06-05,D5,Norte,Furgoneta,154.9,0.79,32.48,4,13,16,14.7,True,True,5897.6,11.37,0
604,2026-02-14,D3,Oeste,Camión,3099.72,14.69,41.04,5,9,10,9.2,True,True,10708.0,32.83,0
605,2025-12-05,D5,Este,Furgoneta,395.53,3.84,32.17,4,8,10,9.2,True,True,5860.4,11.26,1
606,2026-04-27,D2,Centro,Moto,59.97,0.36,38.2,5,15,17,18.9,False,True,5556.0,3.82,0
607,2026-01-26,D5,Sur,Moto,93.56,0.26,18.33,3,15,16,15.5,True,False,2966.4,1.83,0
608,2026-05-05,D3,Norte,Camión,3524.1,9.16,58.82,5,9,10,9.4,True,True,14264.0,47.06,0
609,2026-06-04,D4,Centro,Furgoneta,304.23,4.86,24.99,3,12,13,14.9,False,True,4498.8,8.75,0
610,2025-09-22,D3,Centro,Camión,4237.64,6.03,28.06,2,8,11,9.5,True,True,6612.0,22.45,0
611,2025-08-12,D5,Este,Moto,95.73,0.31,21.35,3,14,16,16.2,False,True,3208.0,2.14,1
612,2026-05-05,D5,Centro,Moto,67.41,0.41,33.19,4,10,12,11.9,True,True,4655.2,3.32,0
613,2025-12-12,D2,Oeste,Moto,70.27,0.28,35.03,5,9,10,9.6,True,True,5302.4,3.5,0
614,2025-10-21,D5,Centro,Furgoneta,362.5,8.54,43.89,3,13,17,13.9,True,True,6766.8,15.36,1
615,2025-07-14,D3,Norte,Furgoneta,464.85,5.09,23.26,1,13,14,14.9,False,True,3291.2,8.14,0
616,2025-10-04,D2,Sur,Moto,20.43,0.32,3.3,1,14,16,14.8,True,True,764.0,0.33,0
617,2026-04-09,D3,Norte,Camión,4854.35,6.43,5.66,5,13,15,16.7,False,True,3632.0,4.53,0
618,2026-02-16,D1,Este,Furgoneta,301.51,9.52,24.33,5,12,16,15.1,True,True,5419.6,8.52,0
619,2025-08-26,D2,Norte,Moto,78.95,0.11,42.51,2,10,12,10.3,True,True,4400.8,4.25,0
620,2025-10-12,D1,Norte,Moto,54.23,0.16,42.45,3,12,13,13.0,True,True,4896.0,4.25,0
621,2025-08-26,D3,Oeste,Furgoneta,377.14,9.74,42.05,1,14,17,15.0,True,True,5546.0,14.72,0
622,2025-09-17,D3,Norte,Moto,61.56,0.05,27.51,5,9,12,10.2,True,True,4700.8,2.75,0
623,2025-11-07,D4,Sur,Moto,46.07,0.18,44.21,4,13,14,13.7,True,True,5536.8,4.42,0
624,2025-10-06,D2,Centro,Furgoneta,218.91,2.05,31.43,4,10,12,12.7,False,True,5771.6,11.0,0
625,2026-03-17,D3,Oeste,Moto,58.31,0.03,45.21,4,8,9,8.7,True,True,5616.8,4.52,0
626,2026-01-10,D2,Centro,Moto,49.13,0.24,32.88,1,11,14,12.8,True,True,3130.4,3.29,0
627,2025-10-05,D2,Sur,Furgoneta,352.97,8.96,16.31,2,11,15,11.2,True,True,2957.2,5.71,2
628,2025-09-10,D5,Centro,Moto,58.21,0.23,59.22,3,12,16,14.5,True,True,6237.6,5.92,2
629,2026-01-02,D2,Centro,Moto,97.19,0.17,43.05,3,10,14,13.3,True,True,4944.0,4.3,0
630,2026-06-07,D5,Sur,Moto,2.82,0.13,36.04,1,11,13,12.2,True,True,3383.2,3.6,0
631,2026-02-19,D2,Sur,Moto,63.32,0.04,26.46,3,8,10,9.0,True,True,3616.8,2.65,0
632,2025-11-30,D1,Oeste,Furgoneta,322.49,7.76,57.69,5,10,14,15.2,False,True,9422.8,20.19,1
633,2026-05-30,D1,Norte,Furgoneta,382.95,9.93,49.26,5,14,18,14.6,True,False,8411.2,17.24,0
634,2026-04-01,D3,Centro,Moto,69.65,0.29,32.46,3,14,16,15.9,True,True,4096.8,3.25,2
635,2026-01-29,D3,Este,Furgoneta,38.88,4.39,32.35,5,8,12,10.7,True,True,6382.0,11.32,0
636,2025-11-18,D1,Este,Furgoneta,287.25,9.56,5.85,2,12,16,14.3,True,True,1702.0,2.05,0
637,2025-06-27,D5,Norte,Moto,24.49,0.06,49.91,4,9,10,9.2,True,True,5992.8,4.99,0
638,2026-04-20,D3,Este,Furgoneta,200.02,1.97,8.82,1,15,18,16.7,True,True,1558.4,3.09,1
639,2025-12-18,D1,Sur,Moto,75.48,0.16,4.52,4,15,19,17.5,True,True,2361.6,0.45,0
640,2026-05-27,D5,Oeste,Furgoneta,392.58,5.58,56.57,2,13,15,13.6,True,True,7788.4,19.8,1
641,2025-12-16,D5,Sur,Furgoneta,193.08,0.66,4.38,1,13,16,15.3,True,True,1025.6,1.53,0
642,2025-07-16,D3,Sur,Moto,61.4,0.42,22.57,5,15,16,15.5,True,True,4305.6,2.26,1
643,2026-03-16,D4,Centro,Furgoneta,476.51,3.03,53.25,4,10,11,10.8,True,True,8390.0,18.64,0
644,2025-12-20,D3,Centro,Moto,49.67,0.24,57.04,5,9,11,9.9,True,False,7063.2,5.7,1
645,2026-04-16,D3,Norte,Camión,1577.76,29.08,7.05,5,15,16,15.8,True,True,3910.0,5.64,0
646,2025-09-24,D1,Oeste,Camión,2834.39,5.25,57.88,1,15,16,15.9,True,True,12076.0,46.3,1
647,2026-02-03,D3,Oeste,Furgoneta,32.98,1.29,47.5,2,15,19,17.8,True,True,6700.0,16.62,0
648,2026-05-02,D4,Sur,Moto,51.8,0.45,46.95,4,13,14,15.1,False,True,5756.0,4.7,1
649,2025-10-13,D1,Este,Camión,4249.99,5.55,42.53,1,8,11,8.1,True,True,9006.0,34.02,0
650,2026-02-05,D1,Oeste,Furgoneta,363.08,4.44,35.45,1,8,11,9.0,True,True,4754.0,12.41,1
651,2026-01-18,D5,Norte,Furgoneta,341.57,4.22,54.54,4,8,9,8.8,True,True,8544.8,19.09,0
652,2025-11-18,D3,Este,Moto,4.28,0.26,21.89,3,9,11,9.6,True,True,3251.2,2.19,1
653,2026-03-02,D1,Centro,Furgoneta,337.64,2.19,50.05,5,15,16,15.7,True,True,8506.0,17.52,0
654,2026-06-09,D5,Sur,Moto,48.01,0.14,25.45,1,14,15,14.9,True,True,2536.0,2.54,0
655,2025-08-10,D1,Centro,Furgoneta,381.01,1.93,4.47,1,10,13,11.2,True,True,1036.4,1.56,0
656,2026-06-10,D2,Sur,Moto,60.56,0.04,30.86,2,13,14,13.5,True,True,3468.8,3.09,0
657,2025-07-22,D1,Centro,Furgoneta,158.44,5.9,35.43,2,13,16,17.9,False,True,5251.6,12.4,0
658,2026-02-27,D2,Oeste,Moto,3.88,0.36,46.18,5,8,10,8.9,True,True,6194.4,4.62,0
659,2025-06-24,D4,Oeste,Furgoneta,51.76,4.39,58.64,5,15,17,15.6,True,True,9536.8,20.52,0
660,2025-11-19,D5,Sur,Furgoneta,361.33,9.12,20.82,4,11,15,12.2,True,True,4498.4,7.29,0
661,2025-10-14,D1,Sur,Moto,85.37,0.28,33.7,3,11,14,13.7,True,True,4196.0,3.37,1
662,2025-10-15,D4,Centro,Furgoneta,474.26,3.83,30.45,5,14,15,14.3,True,True,6154.0,10.66,0
663,2026-02-06,D2,Este,Furgoneta,400.81,2.44,33.71,4,9,11,10.0,True,True,6045.2,11.8,0
664,2026-05-18,D1,Norte,Camión,4974.37,10.74,26.89,2,13,17,15.1,True,True,6378.0,21.51,0
665,2025-07-02,D2,Sur,Moto,61.83,0.1,7.1,4,8,11,9.5,True,True,2568.0,0.71,0
666,2025-08-21,D2,Centro,Furgoneta,259.87,3.83,45.76,4,14,17,14.4,True,True,7491.2,16.02,0
667,2026-02-16,D4,Norte,Furgoneta,420.68,1.77,29.24,1,12,15,13.5,True,True,4008.8,10.23,1
668,2026-04-27,D3,Centro,Moto,30.27,0.03,55.25,1,13,17,17.9,False,True,4920.0,5.53,0
669,2025-11-08,D2,Este,Furgoneta,175.43,7.07,3.36,2,9,10,9.4,True,True,1403.2,1.18,0
670,2026-06-17,D2,Oeste,Furgoneta,450.64,1.92,19.13,3,13,17,13.2,True,True,3795.6,6.7,1
671,2025-12-16,D1,Centro,Moto,10.78,0.5,52.52,1,12,15,12.4,True,True,4701.6,5.25,1
672,2025-07-23,D5,Norte,Furgoneta,276.8,9.5,34.43,1,12,13,12.8,True,True,4631.6,12.05,0
673,2025-07-12,D3,Este,Moto,30.74,0.25,8.98,1,10,13,10.3,True,True,1218.4,0.9,0
674,2025-11-19,D4,Sur,Furgoneta,379.1,3.49,18.78,3,14,17,15.2,True,True,3753.6,6.57,0
675,2025-11-18,D3,Este,Moto,87.18,0.13,35.75,1,12,14,13.1,True,True,3360.0,3.58,0
676,2026-03-07,D1,Oeste,Furgoneta,91.58,9.62,10.56,1,12,16,13.4,True,False,1767.2,3.7,0
677,2026-04-04,D5,Oeste,Moto,80.12,0.41,16.3,1,14,16,15.6,True,True,1804.0,1.63,0
678,2025-07-18,D3,Sur,Moto,24.25,0.39,58.61,2,14,16,14.2,True,True,5688.8,5.86,2
679,2025-11-21,D4,Oeste,Furgoneta,453.4,5.94,58.42,4,14,16,15.5,True,False,9010.4,20.45,1
680,2026-04-21,D4,Sur,Moto,82.55,0.09,6.04,5,12,15,13.2,True,False,2983.2,0.6,0
681,2025-09-29,D3,Este,Furgoneta,430.85,9.73,25.65,4,8,12,11.4,True,True,5078.0,8.98,0
682,2026-04-27,D5,Norte,Furgoneta,44.83,1.55,23.2,5,15,19,18.2,True,True,5284.0,8.12,0
683,2025-09-14,D2,Este,Furgoneta,212.43,0.99,8.17,3,10,14,11.0,True,True,2480.4,2.86,0
684,2025-11-10,D3,Este,Furgoneta,392.57,7.91,29.9,2,13,16,15.2,True,True,4588.0,10.46,0
685,2025-12-24,D2,Norte,Furgoneta,86.15,5.46,8.43,2,8,12,9.3,True,False,2011.6,2.95,0
686,2026-05-06,D1,Norte,Moto,70.79,0.09,37.77,2,9,12,10.9,True,True,4021.6,3.78,0
687,2026-02-09,D1,Este,Moto,34.76,0.15,52.55,1,11,13,11.4,True,True,4704.0,5.25,0
688,2026-01-21,D3,Norte,Furgoneta,435.33,4.51,51.8,5,13,15,14.9,True,True,8716.0,18.13,0
689,2025-10-25,D1,Norte,Moto,15.96,0.47,35.98,2,8,9,8.7,True,True,3878.4,3.6,1
690,2025-07-11,D2,Este,Furgoneta,283.35,5.83,59.48,1,12,15,12.7,True,True,7637.6,20.82,0
691,2026-03-15,D4,Centro,Furgoneta,20.91,7.66,35.13,2,15,17,16.8,True,True,5215.6,12.3,0
692,2026-04-29,D5,Centro,Camión,4973.56,26.49,43.38,3,12,13,13.0,True,True,10176.0,34.7,0
693,2025-07-11,D2,Este,Furgoneta,155.54,1.2,26.32,4,8,12,12.4,False,True,5158.4,9.21,0
694,2025-09-13,D1,Este,Moto,92.55,0.13,14.14,4,15,17,15.2,True,True,3131.2,1.41,0
695,2025-08-25,D4,Norte,Furgoneta,292.8,5.13,4.2,4,12,16,13.9,True,True,2504.0,1.47,0
696,2025-07-20,D4,Este,Furgoneta,156.58,5.54,1.91,2,9,13,14.9,False,True,1229.2,0.67,0
697,2025-09-29,D2,Centro,Camión,4799.73,27.97,45.26,3,9,12,13.1,False,True,10552.0,36.21,0
698,2025-10-02,D4,Oeste,Furgoneta,123.15,6.24,18.39,2,15,18,16.1,True,True,3206.8,6.44,0
699,2026-02-22,D5,Oeste,Moto,2.83,0.32,13.78,3,15,17,15.9,True,True,2602.4,1.38,0
700,2026-05-06,D5,Oeste,Moto,4.34,0.4,54.99,3,15,17,15.3,True,True,5899.2,5.5,0
701,2025-06-23,D5,Norte,Furgoneta,402.8,2.41,49.66,3,15,16,15.4,True,True,7459.2,17.38,0
702,2026-05-11,D2,Sur,Moto,61.72,0.49,20.25,5,10,11,11.0,True,True,4120.0,2.02,0
703,2026-02-03,D4,Centro,Moto,55.32,0.23,15.19,4,9,10,9.4,True,True,3215.2,1.52,0
704,2026-05-01,D5,Norte,Moto,16.85,0.36,24.72,4,13,15,13.9,True,True,3977.6,2.47,1
705,2025-10-19,D3,Norte,Furgoneta,41.84,4.69,9.04,5,11,14,11.1,True,True,3584.8,3.16,0
706,2025-10-11,D5,Este,Moto,44.08,0.35,5.19,2,9,13,12.2,True,True,1415.2,0.52,1
707,2026-04-08,D5,Sur,Furgoneta,128.87,4.23,52.85,5,11,14,13.0,True,True,8842.0,18.5,0
708,2026-02-13,D2,Centro,Moto,46.89,0.33,39.65,5,14,18,17.6,True,True,5672.0,3.96,0
709,2026-06-01,D1,Norte,Furgoneta,397.09,5.6,29.04,5,15,17,15.6,True,True,5984.8,10.16,0
710,2025-09-02,D4,Sur,Furgoneta,415.39,3.74,53.9,4,12,15,16.6,False,True,8468.0,18.86,1
711,2026-06-04,D3,Este,Moto,91.26,0.05,38.45,5,15,18,16.6,True,False,5576.0,3.85,0
712,2026-01-31,D5,Oeste,Moto,11.14,0.45,49.0,2,8,10,9.4,True,True,4920.0,4.9,0
713,2025-11-07,D5,Sur,Furgoneta,250.64,5.73,17.86,1,15,18,15.3,True,True,2643.2,6.25,0
714,2026-04-30,D1,Sur,Moto,15.96,0.33,11.92,3,10,12,10.6,True,True,2453.6,1.19,0
715,2025-08-28,D1,Norte,Moto,32.85,0.32,39.92,2,12,14,12.4,True,True,4193.6,3.99,0
716,2025-12-25,D3,Centro,Moto,36.13,0.48,10.02,1,10,12,12.1,False,True,1301.6,1.0,0
717,2025-09-19,D2,Este,Camión,3331.69,24.25,24.94,5,15,16,15.2,True,True,7488.0,19.95,0
718,2025-10-30,D3,Sur,Furgoneta,74.94,7.73,32.3,4,12,14,12.8,True,True,5876.0,11.3,1
719,2025-11-20,D1,Norte,Moto,16.79,0.12,18.76,2,11,12,12.4,False,True,2500.8,1.88,0
720,2025-08-27,D4,Norte,Furgoneta,264.35,4.76,34.7,4,9,10,9.6,True,True,6164.0,12.14,0
721,2025-09-12,D4,Sur,Camión,506.86,11.78,8.18,4,12,15,13.8,True,True,3636.0,6.54,0
722,2025-07-16,D2,Este,Camión,767.81,24.8,42.61,5,8,9,8.9,True,True,11022.0,34.09,1
723,2026-04-12,D4,Sur,Furgoneta,353.57,3.4,25.73,1,12,14,13.7,True,True,3587.6,9.01,0
724,2025-10-05,D3,Sur,Moto,41.03,0.46,48.5,5,10,12,12.5,False,True,6380.0,4.85,0
725,2026-03-27,D1,Norte,Moto,36.5,0.34,51.21,3,15,16,16.0,True,True,5596.8,5.12,0
726,2025-07-16,D2,Oeste,Moto,35.73,0.24,31.82,2,11,14,12.9,True,True,3545.6,3.18,0
727,2025-07-27,D4,Norte,Moto,18.9,0.12,20.16,5,12,15,12.8,True,True,4112.8,2.02,0
728,2025-07-14,D5,Este,Moto,86.87,0.07,31.48,2,14,15,14.4,True,True,3518.4,3.15,0
729,2026-02-26,D2,Sur,Camión,4070.71,26.82,23.98,3,10,13,11.7,True,False,6296.0,19.18,0
730,2026-06-09,D2,Este,Furgoneta,445.27,2.98,5.54,1,12,13,12.2,True,True,1164.8,1.94,0
731,2026-02-21,D2,Sur,Furgoneta,436.12,0.92,3.27,4,11,14,12.2,True,True,2392.4,1.14,0
732,2025-12-05,D1,Norte,Moto,43.42,0.43,54.54,4,13,14,13.8,True,True,6363.2,5.45,1
733,2025-07-13,D4,Sur,Camión,1066.16,15.48,58.91,3,8,9,8.8,True,True,13282.0,47.13,0
734,2025-09-04,D1,Norte,Camión,1485.88,11.36,3.8,3,13,15,13.1,True,False,2260.0,3.04,2
735,2026-01-26,D4,Sur,Camión,3384.31,5.14,15.33,2,10,12,11.7,True,True,4066.0,12.26,2
736,2026-03-21,D1,Oeste,Moto,28.66,0.36,32.87,4,12,13,12.7,True,True,4629.6,3.29,0
737,2026-06-06,D3,Norte,Moto,64.72,0.04,15.65,5,15,19,17.4,True,True,3752.0,1.57,0
738,2025-12-10,D4,Sur,Moto,80.23,0.46,35.33,2,12,15,14.0,True,True,3826.4,3.53,1
739,2025-09-18,D1,Sur,Furgoneta,495.26,1.78,39.17,1,10,11,10.6,True,True,5200.4,13.71,0
740,2025-08-01,D4,Centro,Moto,67.68,0.29,33.85,3,11,14,12.1,True,True,4208.0,3.39,0
741,2025-08-25,D5,Este,Furgoneta,237.54,7.37,51.18,5,15,16,15.7,True,False,8641.6,17.91,0
742,2025-11-12,D1,Norte,Furgoneta,62.68,5.6,43.89,3,11,15,11.9,True,True,6766.8,15.36,0
743,2025-07-18,D4,Centro,Furgoneta,486.71,6.22,51.71,2,8,12,11.2,True,True,7205.2,18.1,0
744,2025-12-21,D4,Oeste,Furgoneta,478.44,9.07,57.4,3,14,18,14.0,True,True,8388.0,20.09,0
745,2025-10-01,D2,Este,Moto,66.62,0.07,18.91,1,13,14,13.1,True,True,2012.8,1.89,1
746,2026-05-23,D4,Sur,Moto,83.93,0.03,41.06,4,15,18,15.9,True,True,5284.8,4.11,0
747,2026-03-31,D2,Oeste,Moto,4.31,0.37,6.9,5,12,14,12.6,True,True,3052.0,0.69,0
748,2026-04-10,D2,Norte,Furgoneta,81.22,2.0,4.59,1,9,11,10.8,True,False,1050.8,1.61,0
749,2026-03-15,D3,Oeste,Moto,44.61,0.36,58.71,1,10,11,10.6,True,True,5196.8,5.87,1
750,2025-12-16,D1,Este,Furgoneta,443.34,4.5,17.29,5,10,12,12.1,False,True,4574.8,6.05,0
751,2026-01-12,D2,Sur,Moto,79.26,0.34,30.84,2,12,14,13.4,True,True,3467.2,3.08,0
752,2025-12-23,D2,Oeste,Camión,4818.65,26.25,26.23,5,9,13,9.5,True,True,7746.0,20.98,0
753,2025-11-17,D1,Norte,Moto,89.78,0.11,4.0,5,8,9,8.5,True,True,2820.0,0.4,0
754,2026-03-30,D3,Centro,Moto,2.77,0.2,13.53,1,13,16,14.0,True,True,1582.4,1.35,0
755,2026-03-25,D5,Oeste,Furgoneta,218.35,8.54,33.84,2,9,13,11.7,True,True,5060.8,11.84,1
756,2026-05-05,D5,Este,Furgoneta,383.99,8.09,3.05,3,12,13,12.6,True,True,1866.0,1.07,0
757,2025-10-13,D1,Oeste,Furgoneta,143.21,4.33,56.97,1,10,11,10.6,True,True,7336.4,19.94,0
758,2026-05-04,D2,Oeste,Moto,44.54,0.15,46.48,3,8,9,8.5,True,True,5218.4,4.65,0
759,2026-04-23,D1,Centro,Furgoneta,310.41,7.94,47.9,4,15,19,16.9,True,True,7748.0,16.76,0
760,2025-10-29,D1,Sur,Moto,4.77,0.33,45.62,4,13,15,13.4,True,True,5649.6,4.56,1
761,2025-07-28,D4,Este,Camión,4095.49,10.11,9.69,4,10,14,15.3,False,False,3938.0,7.75,0
762,2025-11-21,D3,Este,Furgoneta,193.45,1.34,58.46,4,10,13,10.0,True,True,9015.2,20.46,1
763,2025-08-10,D1,Oeste,Moto,52.74,0.29,32.89,3,15,18,15.1,True,True,4131.2,3.29,1
764,2025-12-03,D5,Centro,Camión,2107.41,24.9,56.26,4,13,16,13.3,True,True,13252.0,45.01,0
765,2025-08-12,D2,Sur,Moto,22.09,0.27,40.41,1,11,14,13.8,True,True,3732.8,4.04,0
766,2026-05-30,D5,Centro,Moto,54.07,0.26,23.27,5,8,9,8.5,True,True,4361.6,2.33,0
767,2026-03-30,D1,Oeste,Moto,34.12,0.26,30.85,1,14,17,18.0,False,True,2968.0,3.09,0
768,2025-12-11,D3,Centro,Furgoneta,322.91,6.67,56.57,3,9,10,9.3,True,True,8288.4,19.8,0
769,2025-11-13,D3,Centro,Furgoneta,284.93,7.01,43.51,3,11,12,11.2,True,True,6721.2,15.23,0
770,2026-06-12,D5,Oeste,Furgoneta,336.89,7.27,13.1,4,11,12,11.3,True,True,3572.0,4.58,0
771,2025-11-01,D3,Oeste,Furgoneta,171.64,3.68,50.37,4,13,17,13.5,True,True,8044.4,17.63,0
772,2025-08-26,D1,Centro,Furgoneta,293.33,0.98,33.5,1,14,15,15.0,True,True,4520.0,11.72,0
773,2026-01-15,D4,Oeste,Camión,2542.03,23.64,44.39,1,14,18,15.0,True,True,9378.0,35.51,1
774,2026-01-08,D2,Oeste,Furgoneta,254.15,5.83,13.93,4,12,16,13.9,True,True,3671.6,4.88,0
775,2026-05-20,D3,Sur,Moto,24.3,0.24,21.5,3,12,15,13.6,True,True,3220.0,2.15,1
776,2026-04-28,D3,Norte,Furgoneta,54.94,6.94,29.37,3,15,19,15.4,True,True,5024.4,10.28,0
777,2025-12-13,D3,Este,Furgoneta,317.98,2.59,44.51,4,9,11,9.2,True,True,7341.2,15.58,0
778,2025-07-07,D4,Norte,Moto,36.82,0.07,2.09,2,15,18,15.7,True,True,1167.2,0.21,0
779,2025-11-01,D5,Este,Furgoneta,389.28,2.9,24.79,2,10,13,10.0,True,True,3974.8,8.68,0
780,2026-03-03,D5,Norte,Moto,15.51,0.31,6.09,2,11,13,11.3,True,True,1487.2,0.61,0
781,2026-04-04,D4,Sur,Furgoneta,78.58,9.71,7.89,2,13,16,16.2,False,True,1946.8,2.76,0
782,2025-11-16,D4,Oeste,Furgoneta,264.82,5.17,14.26,1,9,12,10.5,True,True,2211.2,4.99,1
783,2026-01-28,D3,Centro,Furgoneta,450.8,0.55,37.95,5,12,13,12.3,True,False,7054.0,13.28,0
784,2025-10-17,D3,Centro,Furgoneta,55.54,0.96,12.26,3,9,11,10.3,True,True,2971.2,4.29,0
785,2026-02-23,D4,Centro,Furgoneta,316.71,3.74,6.61,4,11,14,11.4,True,True,2793.2,2.31,0
786,2025-07-15,D2,Norte,Furgoneta,394.04,7.74,34.92,4,10,11,10.8,True,True,6190.4,12.22,0
787,2025-08-19,D2,Centro,Moto,75.67,0.33,34.02,3,8,9,8.4,True,True,4221.6,3.4,0
788,2026-02-19,D5,Este,Camión,4907.71,28.62,55.68,1,10,13,11.4,True,True,11636.0,44.54,1
789,2025-08-07,D1,Norte,Furgoneta,181.61,8.33,26.87,2,12,16,15.2,True,True,4224.4,9.4,0
790,2025-12-03,D1,Norte,Moto,14.66,0.16,33.6,3,9,10,11.0,False,False,4188.0,3.36,0
791,2026-01-03,D1,Este,Furgoneta,328.25,2.77,34.61,4,12,15,13.8,True,True,6153.2,12.11,0
792,2025-09-12,D2,Norte,Moto,72.52,0.39,18.56,3,12,14,13.4,True,True,2984.8,1.86,0
793,2025-12-20,D1,Oeste,Moto,76.05,0.05,27.41,5,12,15,13.4,True,True,4692.8,2.74,0
794,2026-01-04,D1,Norte,Camión,1811.27,20.0,10.71,5,14,17,16.5,True,True,4642.0,8.57,0
795,2025-10-09,D1,Centro,Furgoneta,429.5,1.04,55.77,5,9,13,14.5,False,True,9192.4,19.52,0
796,2026-03-17,D1,Norte,Furgoneta,187.42,0.98,12.31,5,14,15,14.2,True,True,3977.2,4.31,0
797,2026-01-08,D1,Norte,Camión,2355.57,27.37,7.58,4,15,19,15.9,True,True,3516.0,6.06,0
798,2025-09-20,D2,Este,Moto,72.76,0.32,40.04,3,11,15,12.8,True,True,4703.2,4.0,0
799,2025-09-09,D1,Norte,Furgoneta,25.8,6.27,31.63,2,10,13,10.0,True,True,4795.6,11.07,0
800,2025-10-19,D4,Oeste,Moto,44.57,0.17,11.28,2,14,16,14.5,True,True,1902.4,1.13,0
801,2026-05-25,D2,Centro,Camión,3825.45,9.15,31.52,2,13,15,14.0,True,False,7304.0,25.22,0
802,2025-12-24,D5,Oeste,Moto,60.39,0.22,9.46,1,11,12,11.0,True,True,1256.8,0.95,0
803,2026-04-12,D5,Oeste,Moto,79.65,0.39,12.78,5,8,12,9.6,True,True,3522.4,1.28,1
804,2025-09-18,D3,Centro,Moto,5.15,0.26,44.3,5,9,11,9.3,True,True,6044.0,4.43,0
805,2025-12-10,D5,Norte,Furgoneta,463.3,4.93,8.85,3,10,13,10.4,True,True,2562.0,3.1,0
806,2025-11-03,D1,Norte,Furgoneta,153.09,8.87,45.36,5,14,16,14.6,True,True,7943.2,15.88,2
807,2026-01-06,D3,Centro,Moto,50.95,0.25,26.12,3,14,17,16.1,True,True,3589.6,2.61,0
808,2026-06-03,D3,Sur,Furgoneta,226.33,2.91,2.82,2,12,15,12.2,True,True,1338.4,0.99,0
809,2026-06-11,D4,Centro,Furgoneta,184.6,2.19,7.95,2,13,14,14.7,False,True,1954.0,2.78,0
810,2025-12-11,D5,Centro,Camión,2461.42,21.27,26.14,4,9,13,9.2,True,True,7228.0,20.91,0
811,2026-05-30,D1,Oeste,Furgoneta,131.01,9.18,49.17,1,13,16,14.0,True,True,6400.4,17.21,0
812,2025-11-03,D1,Sur,Furgoneta,290.35,1.23,34.56,1,14,15,14.5,True,True,4647.2,12.1,0
813,2025-06-19,D1,Este,Furgoneta,345.53,2.25,13.64,5,15,16,15.8,True,True,4136.8,4.77,0
814,2026-05-03,D1,Norte,Moto,86.52,0.29,19.07,5,11,15,11.2,True,True,4025.6,1.91,0
815,2026-02-03,D5,Este,Moto,99.38,0.16,38.47,2,12,14,13.0,True,False,4077.6,3.85,0
816,2025-09-09,D4,Este,Furgoneta,38.8,4.1,55.49,3,9,13,12.8,True,False,8158.8,19.42,1
817,2026-05-19,D5,Este,Moto,70.72,0.09,59.28,3,12,14,13.6,True,True,6242.4,5.93,0
818,2026-05-07,D4,Norte,Moto,56.63,0.38,57.58,3,15,18,15.7,True,True,6106.4,5.76,0
819,2025-10-31,D2,Centro,Furgoneta,494.2,6.44,47.96,1,10,14,13.0,True,True,6255.2,16.79,0
820,2025-12-05,D4,Sur,Moto,25.84,0.13,11.97,1,9,12,10.8,True,True,1457.6,1.2,0
821,2026-04-04,D2,Sur,Furgoneta,102.6,1.06,28.74,4,12,15,13.9,True,True,5448.8,10.06,0
822,2026-01-19,D1,Centro,Furgoneta,285.27,7.24,39.48,4,11,13,12.0,True,True,6737.6,13.82,2
823,2026-03-23,D4,Centro,Furgoneta,489.18,3.6,33.02,1,14,17,16.4,True,True,4462.4,11.56,0
824,2026-01-07,D1,Este,Moto,75.97,0.36,4.95,3,14,18,16.0,True,True,1896.0,0.5,0
825,2026-05-05,D2,Sur,Furgoneta,133.09,0.54,11.8,3,15,18,15.3,True,False,2916.0,4.13,0
826,2026-01-29,D4,Norte,Furgoneta,179.53,9.76,4.1,4,13,16,14.0,True,True,2492.0,1.43,0
827,2025-12-05,D3,Sur,Furgoneta,459.42,6.67,54.7,5,9,10,9.2,True,True,9064.0,19.14,0
828,2026-03-27,D3,Oeste,Furgoneta,31.25,3.24,40.22,3,13,17,13.0,True,True,6326.4,14.08,0
829,2025-09-30,D2,Centro,Furgoneta,350.18,7.58,58.18,1,13,14,13.9,True,False,7481.6,20.36,0
830,2025-06-24,D5,Centro,Furgoneta,492.45,6.66,37.87,1,10,12,10.7,True,True,5044.4,13.25,0
831,2025-11-24,D3,Sur,Moto,66.14,0.03,12.23,3,13,17,18.3,False,True,2478.4,1.22,0
832,2026-02-11,D5,Norte,Furgoneta,122.86,1.46,47.54,2,11,12,11.0,True,True,6704.8,16.64,0
833,2025-10-29,D5,Sur,Furgoneta,202.99,5.71,40.63,5,12,15,13.6,True,True,7375.6,14.22,0
834,2026-01-27,D3,Este,Moto,17.92,0.34,18.15,1,9,13,11.1,True,True,1952.0,1.81,0
835,2026-04-26,D5,Este,Moto,54.39,0.23,8.66,3,14,16,14.8,True,True,2192.8,0.87,0
836,2025-09-27,D4,Norte,Furgoneta,355.29,6.93,50.74,5,10,13,11.9,True,True,8588.8,17.76,0
837,2026-03-24,D1,Norte,Furgoneta,463.99,3.9,16.28,4,11,15,11.2,True,True,3953.6,5.7,0
838,2025-12-13,D2,Sur,Moto,14.39,0.2,48.91,2,12,13,13.9,False,False,4912.8,4.89,0
839,2026-01-17,D5,Sur,Furgoneta,398.07,6.25,30.1,2,14,17,14.0,True,True,4612.0,10.54,0
840,2025-10-11,D3,Oeste,Moto,25.2,0.28,46.25,3,14,16,15.6,True,True,5200.0,4.62,0
841,2025-07-10,D4,Norte,Moto,66.33,0.24,5.4,2,9,11,10.1,True,True,1432.0,0.54,0
842,2026-05-31,D1,Sur,Moto,86.87,0.39,12.07,5,14,16,14.2,True,True,3465.6,1.21,0
843,2025-12-26,D5,Sur,Moto,2.38,0.07,46.02,2,14,15,14.6,True,True,4681.6,4.6,0
844,2025-08-30,D3,Centro,Camión,647.59,13.3,4.92,2,14,16,15.6,True,True,1984.0,3.94,0
845,2025-09-13,D5,Sur,Furgoneta,114.48,9.34,10.07,4,11,14,11.9,True,True,3208.4,3.52,0
846,2026-03-04,D1,Centro,Moto,2.57,0.05,51.1,2,11,14,11.8,True,True,5088.0,5.11,0
847,2025-08-01,D4,Sur,Moto,36.98,0.24,7.51,5,9,12,9.0,True,True,3100.8,0.75,0
848,2025-12-18,D2,Este,Camión,4167.23,12.9,26.02,2,13,15,13.9,True,True,6204.0,20.82,0
849,2026-05-14,D2,Sur,Moto,80.1,0.11,5.62,4,8,9,8.5,True,True,2449.6,0.56,0
850,2026-06-01,D3,Sur,Furgoneta,63.81,0.92,26.9,1,10,12,11.1,True,True,3728.0,9.41,0
851,2025-08-05,D2,Centro,Camión,1678.7,21.68,51.06,4,12,15,12.1,True,True,12212.0,40.85,0
852,2025-12-24,D5,Este,Moto,97.33,0.09,12.73,3,15,19,20.0,False,True,2518.4,1.27,0
853,2026-04-24,D1,Sur,Moto,98.61,0.19,49.25,5,8,11,8.8,True,True,6440.0,4.93,0
854,2025-12-02,D4,Norte,Moto,85.63,0.15,42.08,1,9,13,12.4,True,True,3866.4,4.21,0
855,2026-04-17,D1,Centro,Moto,4.76,0.09,39.63,4,12,15,12.3,True,True,5170.4,3.96,0
856,2025-10-09,D5,Norte,Moto,47.01,0.12,37.04,1,8,9,8.2,True,True,3463.2,3.7,0
857,2026-06-07,D4,Norte,Moto,37.39,0.14,40.22,4,15,18,17.3,True,False,5217.6,4.02,0
858,2026-04-20,D5,Oeste,Moto,29.61,0.43,48.22,4,13,17,14.3,True,True,5857.6,4.82,0
859,2025-07-13,D4,Oeste,Moto,28.07,0.34,31.96,1,12,14,12.1,True,True,3056.8,3.2,0
860,2025-12-05,D4,Norte,Moto,62.23,0.33,17.87,3,13,15,14.6,True,True,2929.6,1.79,1
861,2025-12-23,D3,Sur,Furgoneta,48.24,9.79,39.01,1,14,16,14.2,True,True,5181.2,13.65,0
862,2025-06-29,D1,Norte,Furgoneta,38.17,8.38,20.42,3,14,18,15.0,True,True,3950.4,7.15,0
863,2026-01-30,D1,Centro,Furgoneta,235.08,2.49,26.23,2,10,12,13.9,False,True,4147.6,9.18,0
864,2025-12-06,D3,Oeste,Moto,8.84,0.07,18.02,1,15,19,17.3,True,True,1941.6,1.8,0
865,2025-09-05,D3,Este,Furgoneta,484.63,3.2,55.62,5,9,12,10.4,True,False,9174.4,19.47,0
866,2025-10-02,D5,Este,Furgoneta,405.66,0.79,16.84,5,12,15,13.1,True,True,4520.8,5.89,0
867,2026-02-03,D2,Sur,Moto,12.79,0.27,35.66,1,13,15,13.0,True,True,3352.8,3.57,0
868,2025-07-21,D5,Centro,Furgoneta,458.06,1.15,33.83,5,10,11,12.1,False,True,6559.6,11.84,0
869,2026-06-10,D1,Norte,Moto,55.17,0.31,12.18,1,8,11,10.2,True,True,1474.4,1.22,2
870,2026-02-25,D3,Norte,Moto,90.45,0.21,47.39,1,13,16,13.1,True,True,4291.2,4.74,0
871,2025-09-07,D4,Centro,Furgoneta,90.29,2.62,36.08,4,10,13,12.0,True,True,6329.6,12.63,0
872,2026-06-14,D5,Este,Moto,63.12,0.03,36.98,5,11,15,11.3,True,True,5458.4,3.7,1
873,2025-07-18,D3,Norte,Camión,1383.56,10.61,46.26,3,12,16,14.8,True,True,10752.0,37.01,0
874,2025-09-25,D1,Norte,Moto,1.87,0.16,4.68,1,8,12,11.4,True,True,874.4,0.47,1
875,2025-10-06,D5,Centro,Camión,1832.19,11.92,22.32,1,12,14,14.4,False,True,4964.0,17.86,0
876,2025-07-16,D1,Este,Moto,54.93,0.01,52.36,5,15,17,16.7,True,True,6688.8,5.24,1
877,2025-11-16,D3,Centro,Moto,23.94,0.07,23.82,3,11,14,13.4,True,True,3405.6,2.38,0
878,2025-10-11,D3,Centro,Furgoneta,125.45,8.77,49.2,1,12,15,12.7,True,True,6404.0,17.22,0
879,2026-05-07,D2,Oeste,Moto,90.83,0.17,44.15,4,11,15,14.7,True,True,5532.0,4.42,0
880,2025-10-05,D5,Sur,Moto,2.61,0.05,23.38,3,10,12,13.7,False,True,3370.4,2.34,0
881,2026-01-17,D1,Norte,Furgoneta,198.49,1.65,47.26,5,10,11,11.7,False,True,8171.2,16.54,1
882,2026-02-14,D2,Sur,Furgoneta,305.26,7.93,33.84,2,9,13,9.9,True,True,5060.8,11.84,0
883,2025-08-26,D3,Oeste,Moto,99.16,0.3,5.98,3,12,13,12.0,True,True,1978.4,0.6,0
884,2026-03-18,D2,Este,Camión,1194.56,9.93,22.67,3,8,9,10.4,False,True,6034.0,18.14,0
885,2026-04-07,D5,Centro,Furgoneta,485.45,7.17,52.66,2,15,16,15.1,True,True,7319.2,18.43,0
886,2025-12-18,D2,Este,Moto,5.76,0.2,28.84,5,12,16,12.4,True,True,4807.2,2.88,0
887,2025-10-12,D2,Norte,Furgoneta,44.94,6.66,20.37,1,9,13,12.0,True,True,2944.4,7.13,1
888,2026-04-16,D3,Oeste,Moto,45.02,0.29,15.1,3,11,13,12.8,True,True,2708.0,1.51,1
889,2026-02-27,D2,Sur,Moto,33.77,0.3,29.1,2,15,19,16.8,True,False,3328.0,2.91,0
890,2025-07-09,D4,Centro,Moto,69.15,0.07,9.41,4,13,16,13.8,True,True,2752.8,0.94,0
891,2026-04-29,D5,Este,Moto,3.28,0.16,6.52,2,10,13,12.5,True,True,1521.6,0.65,0
892,2026-05-22,D3,Sur,Moto,83.69,0.24,6.69,5,12,15,14.3,True,True,3035.2,0.67,0
893,2025-10-11,D3,Sur,Moto,90.57,0.24,39.73,5,9,12,10.4,True,True,5678.4,3.97,0
894,2026-02-13,D4,Norte,Moto,93.51,0.5,25.85,2,8,9,9.2,False,True,3068.0,2.59,0
895,2025-07-12,D4,Sur,Furgoneta,24.14,7.92,20.4,1,15,18,15.6,True,True,2948.0,7.14,0
896,2025-10-31,D2,Centro,Furgoneta,339.08,6.13,12.36,5,9,12,9.5,True,True,3983.2,4.33,0
897,2026-03-19,D4,Sur,Furgoneta,334.68,3.89,21.67,4,15,19,15.9,True,False,4600.4,7.58,0
898,2025-10-07,D1,Sur,Camión,4761.67,18.42,16.16,2,15,17,15.9,True,True,4232.0,12.93,0
899,2026-01-20,D3,Norte,Furgoneta,407.07,3.36,51.58,1,14,18,15.7,True,False,6689.6,18.05,0
900,2026-03-30,D4,Sur,Furgoneta,139.53,9.11,8.42,3,8,9,8.7,True,True,2510.4,2.95,0
901,2026-06-02,D5,Oeste,Moto,40.07,0.15,22.97,3,9,11,10.2,True,False,3337.6,2.3,1
902,2025-06-23,D1,Oeste,Furgoneta,92.84,4.09,44.03,4,15,17,15.9,True,True,7283.6,15.41,0
903,2026-05-09,D5,Centro,Moto,49.05,0.18,40.31,4,8,10,8.1,True,True,5224.8,4.03,0
904,2026-05-20,D4,Centro,Camión,206.39,23.41,3.25,2,13,14,13.3,True,True,1650.0,2.6,0
905,2025-11-08,D4,Norte,Moto,76.23,0.09,46.47,1,14,15,14.2,True,True,4217.6,4.65,0
906,2026-04-05,D4,Norte,Moto,78.86,0.47,4.78,4,15,16,15.7,True,True,2382.4,0.48,0
907,2026-01-12,D4,Centro,Furgoneta,449.59,1.91,42.27,2,12,14,13.2,True,True,6072.4,14.79,2
908,2026-04-16,D5,Norte,Furgoneta,210.57,3.95,58.12,2,12,16,14.1,True,True,7974.4,20.34,0
909,2025-08-26,D5,Sur,Camión,1545.22,7.44,34.52,1,11,15,11.9,True,True,7404.0,27.62,0
910,2025-10-27,D3,Oeste,Camión,4169.75,24.97,41.17,2,15,19,16.4,True,True,9234.0,32.94,0
911,2025-12-24,D2,Oeste,Furgoneta,194.89,5.03,32.92,4,12,14,12.4,True,True,5950.4,11.52,0
912,2026-02-06,D2,Este,Furgoneta,59.59,1.98,2.52,1,15,19,18.2,True,True,802.4,0.88,0
913,2025-11-06,D3,Oeste,Furgoneta,83.17,5.08,8.71,2,13,14,13.6,True,True,2045.2,3.05,0
914,2025-10-01,D1,Este,Moto,57.69,0.21,27.91,4,9,11,9.1,True,True,4232.8,2.79,0
915,2026-02-01,D2,Centro,Moto,72.68,0.14,19.47,2,11,14,12.5,True,True,2557.6,1.95,0
916,2025-07-14,D4,Sur,Furgoneta,96.39,3.56,18.92,1,9,10,9.5,True,False,2770.4,6.62,0
917,2026-01-02,D3,Norte,Moto,24.54,0.04,7.57,1,8,10,9.8,True,True,1105.6,0.76,1
918,2025-09-05,D3,Este,Moto,64.91,0.41,44.06,5,10,13,10.2,True,True,6024.8,4.41,0
919,2025-12-02,D2,Centro,Furgoneta,455.87,7.61,26.46,4,9,12,12.0,True,True,5175.2,9.26,0
920,2025-07-24,D4,Sur,Moto,94.35,0.19,13.57,5,13,16,17.5,False,True,3585.6,1.36,0
921,2025-10-13,D2,Oeste,Furgoneta,161.41,7.8,46.78,4,11,12,11.1,True,True,7613.6,16.37,1
922,2025-10-16,D2,Este,Moto,98.97,0.49,35.48,1,8,9,8.3,True,True,3338.4,3.55,0
923,2026-06-09,D2,Centro,Moto,30.02,0.45,19.32,3,15,16,15.9,True,True,3045.6,1.93,0
924,2025-10-31,D1,Centro,Furgoneta,133.76,7.86,31.23,3,9,10,9.1,True,True,5247.6,10.93,0
925,2025-09-14,D5,Centro,Furgoneta,327.47,1.06,30.36,3,8,9,8.5,True,True,5143.2,10.63,0
926,2025-09-22,D1,Este,Furgoneta,448.83,5.67,4.82,3,12,15,13.1,True,True,2078.4,1.69,0
927,2025-09-17,D1,Norte,Furgoneta,165.86,5.96,58.24,1,8,12,11.3,True,True,7488.8,20.38,1
928,2025-10-25,D2,Oeste,Camión,1163.23,22.92,31.81,1,13,14,13.8,True,True,6862.0,25.45,0
929,2025-10-18,D4,Sur,Moto,62.42,0.05,17.07,4,12,13,12.3,True,True,3365.6,1.71,1
930,2026-02-24,D2,Centro,Furgoneta,355.47,1.81,16.11,2,14,16,15.5,True,True,2933.2,5.64,0
931,2025-10-10,D4,Centro,Moto,49.87,0.31,14.55,4,10,11,10.4,True,True,3164.0,1.46,0
932,2026-01-27,D2,Norte,Moto,86.46,0.35,53.87,5,9,10,9.8,True,True,6809.6,5.39,0
933,2026-06-04,D2,Este,Moto,79.93,0.06,57.33,2,14,15,14.6,True,True,5586.4,5.73,0
934,2025-09-15,D5,Norte,Moto,14.22,0.18,8.76,3,8,9,8.8,True,True,2200.8,0.88,0
935,2025-12-24,D3,Oeste,Camión,400.21,6.03,13.71,4,10,13,11.4,True,True,4742.0,10.97,0
936,2025-11-01,D1,Oeste,Moto,63.72,0.25,5.56,5,13,17,13.9,True,True,2944.8,0.56,0
937,2025-07-13,D4,Norte,Moto,84.34,0.37,51.79,2,8,12,10.9,True,True,5143.2,5.18,0
938,2026-01-24,D2,Norte,Moto,68.04,0.27,25.49,3,14,16,14.9,True,False,3539.2,2.55,0
939,2025-07-22,D3,Centro,Moto,57.52,0.25,26.36,4,11,12,11.1,True,True,4108.8,2.64,0
940,2025-10-11,D3,Este,Furgoneta,275.95,2.26,18.75,5,11,14,11.9,True,True,4750.0,6.56,0
941,2026-02-20,D5,Sur,Furgoneta,154.77,3.3,51.8,3,13,17,14.4,True,True,7716.0,18.13,0
942,2026-04-08,D3,Este,Moto,58.78,0.01,46.4,2,10,13,10.6,True,True,4712.0,4.64,0
943,2026-05-17,D5,Oeste,Moto,77.15,0.11,41.8,5,15,19,15.1,True,True,5844.0,4.18,1
944,2026-05-02,D3,Oeste,Furgoneta,383.06,0.68,50.41,2,13,17,13.4,True,True,7049.2,17.64,0
945,2026-06-07,D5,Este,Furgoneta,486.9,6.96,6.89,3,11,15,13.1,True,True,2326.8,2.41,0
946,2026-01-16,D3,Oeste,Furgoneta,52.6,1.68,54.66,4,15,19,15.1,True,False,8559.2,19.13,0
947,2026-05-08,D1,Norte,Moto,24.48,0.37,48.97,1,14,16,15.7,True,True,4417.6,4.9,0
948,2025-10-07,D1,Oeste,Furgoneta,366.47,3.58,48.83,1,9,11,9.6,True,True,6359.6,17.09,0
949,2025-11-25,D5,Norte,Furgoneta,90.52,6.01,57.39,1,12,13,12.6,True,False,7386.8,20.09,0
950,2025-08-21,D3,Este,Furgoneta,77.9,7.6,40.65,4,11,15,13.2,True,True,6878.0,14.23,0
951,2026-01-03,D2,Norte,Furgoneta,308.32,9.83,19.76,1,10,12,10.5,True,True,2871.2,6.92,0
952,2025-10-17,D1,Centro,Camión,3826.64,29.66,24.55,1,12,14,13.9,True,False,5410.0,19.64,0
953,2026-01-24,D4,Oeste,Moto,79.0,0.14,23.43,5,14,15,14.8,True,True,4374.4,2.34,1
954,2025-10-09,D4,Norte,Camión,1591.16,8.82,57.26,5,14,16,15.5,True,True,13952.0,45.81,1
955,2026-06-07,D3,Sur,Furgoneta,359.11,1.02,48.65,3,12,13,12.2,True,True,7338.0,17.03,0
956,2025-08-26,D5,Sur,Camión,2815.1,6.12,57.77,5,9,13,11.6,True,True,14054.0,46.22,0
957,2026-05-01,D5,Oeste,Furgoneta,113.53,3.97,33.85,4,15,19,15.4,True,True,6062.0,11.85,0
958,2025-11-22,D4,Centro,Furgoneta,296.03,7.41,2.2,3,10,11,10.2,True,True,1764.0,0.77,0
959,2025-07-24,D1,Sur,Furgoneta,263.95,1.24,31.76,1,10,13,11.0,True,True,4311.2,11.12,0
960,2026-05-23,D5,Sur,Moto,17.83,0.19,37.38,4,13,17,13.2,True,True,4990.4,3.74,0
961,2025-10-15,D5,Norte,Furgoneta,157.87,6.33,14.77,4,13,17,13.3,True,False,3772.4,5.17,0
962,2026-04-23,D5,Norte,Camión,4031.47,21.08,6.61,1,11,15,14.2,True,True,1822.0,5.29,0
963,2025-11-02,D5,Sur,Furgoneta,269.16,8.1,29.35,4,15,17,16.8,True,True,5522.0,10.27,0
964,2025-07-17,D3,Sur,Moto,20.74,0.09,42.64,5,10,13,14.6,False,True,5911.2,4.26,0
965,2026-01-27,D2,Centro,Furgoneta,432.66,8.76,43.33,1,12,15,12.2,True,True,5699.6,15.17,0
966,2025-11-14,D5,Oeste,Moto,59.39,0.4,31.82,1,15,18,16.9,True,False,3045.6,3.18,0
967,2025-08-06,D2,Norte,Moto,52.49,0.32,32.69,3,14,18,15.1,True,True,4115.2,3.27,0
968,2026-03-31,D5,Oeste,Moto,29.83,0.48,36.26,4,15,17,15.6,True,True,4900.8,3.63,0
969,2026-05-17,D4,Sur,Moto,27.48,0.35,44.2,4,14,18,16.6,True,True,5536.0,4.42,0
970,2026-05-31,D4,Este,Moto,69.85,0.11,47.85,5,10,14,11.2,True,True,6328.0,4.79,0
971,2026-02-11,D2,Este,Furgoneta,75.35,5.33,4.2,5,15,18,19.6,False,True,3004.0,1.47,0
972,2026-02-08,D1,Centro,Furgoneta,438.06,5.92,32.62,2,8,10,8.6,True,True,4914.4,11.42,0
973,2025-12-14,D1,Norte,Moto,77.86,0.13,42.4,5,15,17,15.5,True,True,5892.0,4.24,1
974,2026-03-26,D1,Sur,Furgoneta,303.32,5.26,19.39,1,14,15,14.8,True,False,2826.8,6.79,1
975,2026-05-11,D5,Norte,Furgoneta,47.59,7.6,20.14,5,12,15,14.2,True,True,4916.8,7.05,0
976,2025-12-01,D3,Norte,Furgoneta,421.09,0.55,30.49,4,15,17,16.3,True,True,5658.8,10.67,0
977,2026-02-09,D2,Centro,Camión,1232.86,20.18,19.56,1,11,12,11.3,True,True,4412.0,15.65,0
978,2026-04-21,D4,Oeste,Moto,39.54,0.47,41.72,4,15,16,15.6,True,True,5337.6,4.17,0
979,2025-12-30,D1,Centro,Moto,17.37,0.09,6.74,1,13,17,13.7,True,True,1039.2,0.67,0
980,2025-06-23,D1,Oeste,Furgoneta,243.15,2.09,18.33,1,14,16,15.4,True,True,2699.6,6.42,0
981,2025-08-11,D4,Sur,Moto,43.31,0.5,47.1,3,11,12,11.9,True,True,5268.0,4.71,0
982,2026-06-14,D1,Centro,Moto,52.48,0.48,45.37,3,12,13,12.4,True,True,5129.6,4.54,0
983,2025-08-14,D5,Centro,Furgoneta,441.62,6.86,4.11,2,10,12,10.1,True,True,1493.2,1.44,0
984,2025-08-28,D4,Sur,Moto,14.6,0.44,36.91,5,15,16,15.6,True,True,5452.8,3.69,0
985,2026-05-01,D5,Oeste,Moto,57.87,0.27,54.82,2,11,12,13.0,False,True,5385.6,5.48,0
986,2026-05-01,D3,Norte,Furgoneta,437.31,3.92,11.27,2,9,13,10.8,True,True,2352.4,3.94,0
987,2025-07-17,D3,Oeste,Moto,37.35,0.11,49.41,1,15,17,15.7,True,True,4452.8,4.94,0
988,2025-10-15,D2,Oeste,Moto,53.5,0.34,39.17,5,10,14,11.0,True,True,5633.6,3.92,0
989,2026-06-02,D1,Centro,Moto,67.15,0.24,53.26,2,9,11,10.2,True,False,5260.8,5.33,0
990,2026-02-14,D4,Este,Furgoneta,223.76,9.66,53.55,5,11,13,11.4,True,True,8926.0,18.74,0
991,2026-01-20,D5,Sur,Camión,3629.56,28.89,18.65,3,15,16,15.6,True,True,5230.0,14.92,0
992,2025-10-08,D3,Norte,Furgoneta,54.26,1.67,51.84,1,11,14,11.7,True,True,6720.8,18.14,0
993,2025-07-16,D3,Sur,Furgoneta,348.06,9.08,7.64,1,14,17,15.3,True,True,1416.8,2.67,0
994,2025-12-18,D2,Sur,Moto,34.99,0.08,34.9,4,13,16,17.1,False,True,4792.0,3.49,0
995,2025-12-03,D4,Norte,Camión,2254.62,28.63,15.65,5,15,18,18.4,False,True,5630.0,12.52,0
996,2026-03-04,D5,Norte,Furgoneta,320.08,9.38,24.6,4,11,15,14.3,True,True,4952.0,8.61,0
997,2025-12-11,D4,Centro,Furgoneta,320.7,1.6,55.08,3,13,15,14.6,True,True,8109.6,19.28,0
998,2026-06-07,D1,Norte,Moto,94.96,0.34,58.97,3,15,19,17.1,True,True,6217.6,5.9,0
999,2026-01-04,D1,Este,Camión,3142.73,26.8,24.65,3,8,11,8.3,True,True,6430.0,19.72,0
1000,2026-03-20,D5,Este,Furgoneta,284.02,5.97,57.92,2,12,13,12.9,True,True,7950.4,20.27,0
